date,currency,asset_class,automobileandautocomponents,capitalgoods,chemicals,construction,constructionmaterials,consumerdurables,consumerservices,diversified,fastmovingconsumergoods,financialservices,forestmaterials,healthcare,informationtechnology,"media,entertainment&publication",metals&mining,"oil,gas&consumablefuels",others,power,realty,services,sovereign,telecommunication,textiles,utilities,grandtotal,combined_date,combined_date1,formatted_date,Type,Type_main
"AUC as on December 31, 2023",IN INR Cr.,Equity,411001,270580,103541,137915,117638,203322,183131,4560,419522,1947278,2639,333871,600018,19058,188163,519314,18210,248719,108114,110353,0,164846,19261,1102,6132155,12/31/2023,12/31/2023,"Dec31,2023",AUC,AUC_Equity_IN INR Cr.
"AUC as on December 31, 2023",IN INR Cr.,Debt,13,849,0,407,896,0,1109,179,144,19855,487,406,0,0,71,418,71860,3665,139,1014,191366,375,363,100,293716,12/31/2023,12/31/2023,"Dec31,2023",AUC,AUC_Debt_IN INR Cr.
"AUC as on December 31, 2023",IN INR Cr.,Debt VRR,11,0,0,2178,556,0,670,0,0,5591,0,0,385,105,1500,0,133281,105,777,0,1195,0,0,0,146353,12/31/2023,12/31/2023,"Dec31,2023",AUC,AUC_Debt VRR_IN INR Cr.
"AUC as on December 31, 2023",IN INR Cr.,Hybrid,0,0,0,0,0,0,0,0,0,0,0,0,0,0,0,0,4561,6534,18098,4067,0,3894,0,0,37153,12/31/2023,12/31/2023,"Dec31,2023",AUC,AUC_Hybrid_IN INR Cr.
"AUC as on December 31, 2023",IN INR Cr.,Total,411025,271429,103541,140500,119090,203322,184910,4739,419666,1972724,3126,334277,600403,19163,189734,519732,227912,259023,127128,115434,192561,169115,19624,1202,6609377,12/31/2023,12/31/2023,"Dec31,2023",AUC,AUC_Total_IN INR Cr.
"AUC as on December 31, 2023",IN USD Mn,Equity,49449,32554,12457,16593,14153,24462,22033,549,50474,234283,317,40169,72190,2293,22638,62480,2191,29924,13007,13277,0,19833,2317,133,737779,12/31/2023,12/31/2023,"Dec31,2023",AUC,AUC_Equity_IN USD Mn
"AUC as on December 31, 2023",IN USD Mn,Debt,2,102,0,49,108,0,133,22,17,2389,59,49,0,0,8,50,8646,441,17,122,23024,45,44,12,35338,12/31/2023,12/31/2023,"Dec31,2023",AUC,AUC_Debt_IN USD Mn
"AUC as on December 31, 2023",IN USD Mn,Debt VRR,1,0,0,262,67,0,81,0,0,673,0,0,46,13,180,0,16035,13,94,0,144,0,0,0,17608,12/31/2023,12/31/2023,"Dec31,2023",AUC,AUC_Debt VRR_IN USD Mn
"AUC as on December 31, 2023",IN USD Mn,Hybrid,0,0,0,0,0,0,0,0,0,0,0,0,0,0,0,0,549,786,2177,489,0,468,0,0,4470,12/31/2023,12/31/2023,"Dec31,2023",AUC,AUC_Hybrid_IN USD Mn
"AUC as on December 31, 2023",IN USD Mn,Total,49452,32656,12457,16904,14328,24462,22247,571,50491,237345,376,40218,72236,2306,22826,62530,27421,31164,15295,13888,23168,20346,2361,145,795195,12/31/2023,12/31/2023,"Dec31,2023",AUC,AUC_Total_IN USD Mn
"Net Investment December 16-31, 2023",IN INR Cr.,Equity,335,2114,672,113,1661,1009,543,75,180,6277,16,227,3763,-37,1299,3412,1645,960,-561,43,0,-264,-53,-27,23401,12/31/2023,12/31/2023,"Dec31,2023",Net Investment,Net Investment_Equity_IN INR Cr.
"Net Investment December 16-31, 2023",IN INR Cr.,Debt,0,700,0,-30,0,0,0,0,0,1092,0,0,0,0,0,0,694,0,0,0,6867,43,0,0,9366,12/31/2023,12/31/2023,"Dec31,2023",Net Investment,Net Investment_Debt_IN INR Cr.
"Net Investment December 16-31, 2023",IN INR Cr.,Debt VRR,0,0,0,0,0,0,125,0,0,-165,0,0,0,-10,0,0,-4053,0,111,0,-144,0,0,0,-4136,12/31/2023,12/31/2023,"Dec31,2023",Net Investment,Net Investment_Debt VRR_IN INR Cr.
"Net Investment December 16-31, 2023",IN INR Cr.,Hybrid,0,0,0,0,0,0,0,0,0,0,0,0,0,0,0,0,0,-40,4134,27,0,0,0,0,4120,12/31/2023,12/31/2023,"Dec31,2023",Net Investment,Net Investment_Hybrid_IN INR Cr.
"Net Investment December 16-31, 2023",IN INR Cr.,Total,335,2814,672,83,1661,1009,668,75,180,7204,16,227,3763,-47,1299,3412,-1714,920,3684,70,6723,-221,-53,-27,32751,12/31/2023,12/31/2023,"Dec31,2023",Net Investment,Net Investment_Total_IN INR Cr.
"Net Investment December 16-31, 2023",IN USD Mn,Equity,40,254,81,14,200,121,65,9,22,755,2,27,453,-4,156,411,198,116,-68,5,0,-32,-6,-3,2815,12/31/2023,12/31/2023,"Dec31,2023",Net Investment,Net Investment_Equity_IN USD Mn
"Net Investment December 16-31, 2023",IN USD Mn,Debt,0,84,0,-4,0,0,0,0,0,132,0,0,0,0,0,0,83,0,0,0,826,5,0,0,1127,12/31/2023,12/31/2023,"Dec31,2023",Net Investment,Net Investment_Debt_IN USD Mn
"Net Investment December 16-31, 2023",IN USD Mn,Debt VRR,0,0,0,0,0,0,15,0,0,-20,0,0,0,-1,0,0,-488,0,13,0,-17,0,0,0,-498,12/31/2023,12/31/2023,"Dec31,2023",Net Investment,Net Investment_Debt VRR_IN USD Mn
"Net Investment December 16-31, 2023",IN USD Mn,Hybrid,0,0,0,0,0,0,0,0,0,0,0,0,0,0,0,0,0,-5,497,3,0,0,0,0,496,12/31/2023,12/31/2023,"Dec31,2023",Net Investment,Net Investment_Hybrid_IN USD Mn
"Net Investment December 16-31, 2023",IN USD Mn,Total,40,338,81,10,200,121,80,9,22,867,2,27,453,-5,156,411,-207,111,442,8,809,-27,-6,-3,3940,12/31/2023,12/31/2023,"Dec31,2023",Net Investment,Net Investment_Total_IN USD Mn
"Net Investment January 01-15, 2024",IN INR Cr.,Equity,-1630,-304,-91,-218,232,386,1015,-264,-634,1248,130,-304,-492,-1015,322,1455,129,1040,636,1413,0,612,-175,-57,3433,1/15/2024,1/15/2024,"Jan15,2024",Net Investment,Net Investment_Equity_IN INR Cr.
"Net Investment January 01-15, 2024",IN INR Cr.,Debt,119,-6,0,0,0,0,0,0,-12,-76,0,0,0,0,0,25,339,-51,0,0,10256,-68,0,0,10525,1/15/2024,1/15/2024,"Jan15,2024",Net Investment,Net Investment_Debt_IN INR Cr.
"Net Investment January 01-15, 2024",IN INR Cr.,Debt VRR,0,0,0,0,0,0,0,0,285,-113,0,0,0,0,0,0,-2856,0,0,0,-224,0,0,0,-2909,1/15/2024,1/15/2024,"Jan15,2024",Net Investment,Net Investment_Debt VRR_IN INR Cr.
"Net Investment January 01-15, 2024",IN INR Cr.,Hybrid,0,0,0,0,0,0,0,0,0,0,0,0,0,0,0,0,0,-8,-26,0,0,0,0,0,-34,1/15/2024,1/15/2024,"Jan15,2024",Net Investment,Net Investment_Hybrid_IN INR Cr.
"Net Investment January 01-15, 2024",IN INR Cr.,Total,-1511,-310,-91,-218,232,386,1015,-264,-361,1059,130,-304,-492,-1015,322,1480,-2388,981,610,1413,10032,544,-175,-57,11015,1/15/2024,1/15/2024,"Jan15,2024",Net Investment,Net Investment_Total_IN INR Cr.
"Net Investment January 01-15, 2024",IN USD Mn,Equity,-197,-37,-11,-26,28,47,122,-32,-76,151,16,-37,-59,-122,39,176,15,126,77,171,0,74,-21,-7,414,1/15/2024,1/15/2024,"Jan15,2024",Net Investment,Net Investment_Equity_IN USD Mn
"Net Investment January 01-15, 2024",IN USD Mn,Debt,14,-1,0,0,0,0,0,0,-1,-9,0,0,0,0,0,3,41,-6,0,0,1238,-8,0,0,1270,1/15/2024,1/15/2024,"Jan15,2024",Net Investment,Net Investment_Debt_IN USD Mn
"Net Investment January 01-15, 2024",IN USD Mn,Debt VRR,0,0,0,0,0,0,0,0,34,-14,0,0,0,0,0,0,-345,0,0,0,-27,0,0,0,-351,1/15/2024,1/15/2024,"Jan15,2024",Net Investment,Net Investment_Debt VRR_IN USD Mn
"Net Investment January 01-15, 2024",IN USD Mn,Hybrid,0,0,0,0,0,0,0,0,0,0,0,0,0,0,0,0,0,-1,-3,0,0,0,0,0,-4,1/15/2024,1/15/2024,"Jan15,2024",Net Investment,Net Investment_Hybrid_IN USD Mn
"Net Investment January 01-15, 2024",IN USD Mn,Total,-183,-38,-11,-26,28,47,122,-32,-43,128,16,-37,-59,-122,39,179,-289,119,74,171,1211,66,-21,-7,1329,1/15/2024,1/15/2024,"Jan15,2024",Net Investment,Net Investment_Total_IN USD Mn
"AUC as on January 15, 2024",IN INR Cr.,Equity,410834,272530,102290,139948,114684,206340,191113,4481,417392,1962086,2954,346190,628455,17476,187815,558860,19149,260641,123198,120804,0,175730,19520,1163,6283655,1/15/2024,1/15/2024,"Jan15,2024",AUC,AUC_Equity_IN INR Cr.
"AUC as on January 15, 2024",IN INR Cr.,Debt,133,843,0,407,896,0,1109,165,133,19983,487,406,0,0,71,443,71605,3615,139,1014,199123,307,363,100,301342,1/15/2024,1/15/2024,"Jan15,2024",AUC,AUC_Debt_IN INR Cr.
"AUC as on January 15, 2024",IN INR Cr.,Debt VRR,11,0,0,2178,556,0,670,0,285,5477,0,0,385,105,1500,0,130886,105,777,0,964,0,0,0,143900,1/15/2024,1/15/2024,"Jan15,2024",AUC,AUC_Debt VRR_IN INR Cr.
"AUC as on January 15, 2024",IN INR Cr.,Hybrid,0,0,0,0,0,0,0,0,0,0,0,0,0,0,0,0,4561,6884,18993,4078,0,3894,0,0,38409,1/15/2024,1/15/2024,"Jan15,2024",AUC,AUC_Hybrid_IN INR Cr.
"AUC as on January 15, 2024",IN INR Cr.,Total,410978,273373,102290,142533,116136,206340,192892,4646,417810,1987546,3441,346596,628840,17581,189386,559303,226201,271245,143107,125896,200087,179931,19883,1263,6767306,1/15/2024,1/15/2024,"Jan15,2024",AUC,AUC_Total_IN INR Cr.
"AUC as on January 15, 2024",IN USD Mn,Equity,49586,32893,12346,16891,13842,24904,23067,541,50377,236815,357,41784,75852,2109,22668,67452,2311,31458,14869,14581,0,21210,2356,140,758410,1/15/2024,1/15/2024,"Jan15,2024",AUC,AUC_Equity_IN USD Mn
"AUC as on January 15, 2024",IN USD Mn,Debt,16,102,0,49,108,0,134,20,16,2412,59,49,0,0,9,54,8642,436,17,122,24033,37,44,12,36371,1/15/2024,1/15/2024,"Jan15,2024",AUC,AUC_Debt_IN USD Mn
"AUC as on January 15, 2024",IN USD Mn,Debt VRR,1,0,0,263,67,0,81,0,34,661,0,0,46,13,181,0,15797,13,94,0,116,0,0,0,17368,1/15/2024,1/15/2024,"Jan15,2024",AUC,AUC_Debt VRR_IN USD Mn
"AUC as on January 15, 2024",IN USD Mn,Hybrid,0,0,0,0,0,0,0,0,0,0,0,0,0,0,0,0,550,831,2292,492,0,470,0,0,4636,1/15/2024,1/15/2024,"Jan15,2024",AUC,AUC_Hybrid_IN USD Mn
"AUC as on January 15, 2024",IN USD Mn,Total,49603,32995,12346,17203,14017,24904,23282,561,50427,239888,416,41833,75898,2122,22858,67506,27300,32738,17272,15195,24149,21717,2400,152,816785,1/15/2024,1/15/2024,"Jan15,2024",AUC,AUC_Total_IN USD Mn
"AUC as on January 15, 2024",IN INR Cr.,Equity,410834,272530,102290,139948,114684,206340,191113,4481,417392,1962086,2954,346190,628455,17476,187815,558860,19149,260641,123198,120804,0,175730,19520,1163,6283655,1/15/2024,1/15/2024,"Jan15,2024",AUC,AUC_Equity_IN INR Cr.
"AUC as on January 15, 2024",IN INR Cr.,Debt,133,843,0,407,896,0,1109,165,133,19983,487,406,0,0,71,443,71605,3615,139,1014,199123,307,363,100,301342,1/15/2024,1/15/2024,"Jan15,2024",AUC,AUC_Debt_IN INR Cr.
"AUC as on January 15, 2024",IN INR Cr.,Debt VRR,11,0,0,2178,556,0,670,0,285,5477,0,0,385,105,1500,0,130886,105,777,0,964,0,0,0,143900,1/15/2024,1/15/2024,"Jan15,2024",AUC,AUC_Debt VRR_IN INR Cr.
"AUC as on January 15, 2024",IN INR Cr.,Hybrid,0,0,0,0,0,0,0,0,0,0,0,0,0,0,0,0,4561,6884,18993,4078,0,3894,0,0,38409,1/15/2024,1/15/2024,"Jan15,2024",AUC,AUC_Hybrid_IN INR Cr.
"AUC as on January 15, 2024",IN INR Cr.,Total,410978,273373,102290,142533,116136,206340,192892,4646,417810,1987546,3441,346596,628840,17581,189386,559303,226201,271245,143107,125896,200087,179931,19883,1263,6767306,1/15/2024,1/15/2024,"Jan15,2024",AUC,AUC_Total_IN INR Cr.
"AUC as on January 15, 2024",IN USD Mn,Equity,49586,32893,12346,16891,13842,24904,23067,541,50377,236815,357,41784,75852,2109,22668,67452,2311,31458,14869,14581,0,21210,2356,140,758410,1/15/2024,1/15/2024,"Jan15,2024",AUC,AUC_Equity_IN USD Mn
"AUC as on January 15, 2024",IN USD Mn,Debt,16,102,0,49,108,0,134,20,16,2412,59,49,0,0,9,54,8642,436,17,122,24033,37,44,12,36371,1/15/2024,1/15/2024,"Jan15,2024",AUC,AUC_Debt_IN USD Mn
"AUC as on January 15, 2024",IN USD Mn,Debt VRR,1,0,0,263,67,0,81,0,34,661,0,0,46,13,181,0,15797,13,94,0,116,0,0,0,17368,1/15/2024,1/15/2024,"Jan15,2024",AUC,AUC_Debt VRR_IN USD Mn
"AUC as on January 15, 2024",IN USD Mn,Hybrid,0,0,0,0,0,0,0,0,0,0,0,0,0,0,0,0,550,831,2292,492,0,470,0,0,4636,1/15/2024,1/15/2024,"Jan15,2024",AUC,AUC_Hybrid_IN USD Mn
"AUC as on January 15, 2024",IN USD Mn,Total,49603,32995,12346,17203,14017,24904,23282,561,50427,239888,416,41833,75898,2122,22858,67506,27300,32738,17272,15195,24149,21717,2400,152,816785,1/15/2024,1/15/2024,"Jan15,2024",AUC,AUC_Total_IN USD Mn
"Net Investment January 01-15, 2024",IN INR Cr.,Equity,-1630,-304,-91,-218,232,386,1015,-264,-634,1248,130,-304,-492,-1015,322,1455,129,1040,636,1413,0,612,-175,-57,3433,1/15/2024,1/15/2024,"Jan15,2024",Net Investment,Net Investment_Equity_IN INR Cr.
"Net Investment January 01-15, 2024",IN INR Cr.,Debt,119,-6,0,0,0,0,0,0,-12,-76,0,0,0,0,0,25,339,-51,0,0,10256,-68,0,0,10525,1/15/2024,1/15/2024,"Jan15,2024",Net Investment,Net Investment_Debt_IN INR Cr.
"Net Investment January 01-15, 2024",IN INR Cr.,Debt VRR,0,0,0,0,0,0,0,0,285,-113,0,0,0,0,0,0,-2856,0,0,0,-224,0,0,0,-2909,1/15/2024,1/15/2024,"Jan15,2024",Net Investment,Net Investment_Debt VRR_IN INR Cr.
"Net Investment January 01-15, 2024",IN INR Cr.,Hybrid,0,0,0,0,0,0,0,0,0,0,0,0,0,0,0,0,0,-8,-26,0,0,0,0,0,-34,1/15/2024,1/15/2024,"Jan15,2024",Net Investment,Net Investment_Hybrid_IN INR Cr.
"Net Investment January 01-15, 2024",IN INR Cr.,Total,-1511,-310,-91,-218,232,386,1015,-264,-361,1059,130,-304,-492,-1015,322,1480,-2388,981,610,1413,10032,544,-175,-57,11015,1/15/2024,1/15/2024,"Jan15,2024",Net Investment,Net Investment_Total_IN INR Cr.
"Net Investment January 01-15, 2024",IN USD Mn,Equity,-197,-37,-11,-26,28,47,122,-32,-76,151,16,-37,-59,-122,39,176,15,126,77,171,0,74,-21,-7,414,1/15/2024,1/15/2024,"Jan15,2024",Net Investment,Net Investment_Equity_IN USD Mn
"Net Investment January 01-15, 2024",IN USD Mn,Debt,14,-1,0,0,0,0,0,0,-1,-9,0,0,0,0,0,3,41,-6,0,0,1238,-8,0,0,1270,1/15/2024,1/15/2024,"Jan15,2024",Net Investment,Net Investment_Debt_IN USD Mn
"Net Investment January 01-15, 2024",IN USD Mn,Debt VRR,0,0,0,0,0,0,0,0,34,-14,0,0,0,0,0,0,-345,0,0,0,-27,0,0,0,-351,1/15/2024,1/15/2024,"Jan15,2024",Net Investment,Net Investment_Debt VRR_IN USD Mn
"Net Investment January 01-15, 2024",IN USD Mn,Hybrid,0,0,0,0,0,0,0,0,0,0,0,0,0,0,0,0,0,-1,-3,0,0,0,0,0,-4,1/15/2024,1/15/2024,"Jan15,2024",Net Investment,Net Investment_Hybrid_IN USD Mn
"Net Investment January 01-15, 2024",IN USD Mn,Total,-183,-38,-11,-26,28,47,122,-32,-43,128,16,-37,-59,-122,39,179,-289,119,74,171,1211,66,-21,-7,1329,1/15/2024,1/15/2024,"Jan15,2024",Net Investment,Net Investment_Total_IN USD Mn
"Net Investment January 16-31, 2024",IN INR Cr.,Equity,-437,1000,-1036,-75,-193,-1445,-97,19,-2016,-31261,22,-58,4977,-731,-1949,2012,1057,1521,-595,-2006,0,2033,108,-27,-29177,1/31/2024,1/31/2024,"Jan31,2024",Net Investment,Net Investment_Equity_IN INR Cr.
"Net Investment January 16-31, 2024",IN INR Cr.,Debt,0,0,0,0,0,0,0,0,0,258,-190,0,0,0,0,0,-20,8,0,42,9213,0,0,0,9312,1/31/2024,1/31/2024,"Jan31,2024",Net Investment,Net Investment_Debt_IN INR Cr.
"Net Investment January 16-31, 2024",IN INR Cr.,Debt VRR,0,0,615,0,0,0,0,0,0,899,0,0,0,0,0,0,303,0,0,0,381,0,0,0,2198,1/31/2024,1/31/2024,"Jan31,2024",Net Investment,Net Investment_Debt VRR_IN INR Cr.
"Net Investment January 16-31, 2024",IN INR Cr.,Hybrid,0,0,0,0,0,0,0,0,0,0,0,0,0,0,0,0,0,-18,74,1,0,0,0,0,58,1/31/2024,1/31/2024,"Jan31,2024",Net Investment,Net Investment_Hybrid_IN INR Cr.
"Net Investment January 16-31, 2024",IN INR Cr.,Total,-437,1000,-421,-75,-193,-1445,-97,19,-2016,-30104,-168,-58,4977,-731,-1949,2012,1340,1511,-521,-1963,9594,2033,108,-27,-17609,1/31/2024,1/31/2024,"Jan31,2024",Net Investment,Net Investment_Total_IN INR Cr.
"Net Investment January 16-31, 2024",IN USD Mn,Equity,-53,120,-125,-9,-23,-174,-12,2,-243,-3763,3,-7,599,-88,-235,242,127,183,-72,-241,0,245,13,-3,-3512,1/31/2024,1/31/2024,"Jan31,2024",Net Investment,Net Investment_Equity_IN USD Mn
"Net Investment January 16-31, 2024",IN USD Mn,Debt,0,0,0,0,0,0,0,0,0,31,-23,0,0,0,0,0,-3,1,0,5,1109,0,0,0,1121,1/31/2024,1/31/2024,"Jan31,2024",Net Investment,Net Investment_Debt_IN USD Mn
"Net Investment January 16-31, 2024",IN USD Mn,Debt VRR,0,0,74,0,0,0,0,0,0,108,0,0,0,0,0,0,36,0,0,0,46,0,0,0,265,1/31/2024,1/31/2024,"Jan31,2024",Net Investment,Net Investment_Debt VRR_IN USD Mn
"Net Investment January 16-31, 2024",IN USD Mn,Hybrid,0,0,0,0,0,0,0,0,0,0,0,0,0,0,0,0,0,-2,9,0,0,0,0,0,7,1/31/2024,1/31/2024,"Jan31,2024",Net Investment,Net Investment_Hybrid_IN USD Mn
"Net Investment January 16-31, 2024",IN USD Mn,Total,-53,120,-51,-9,-23,-174,-12,2,-243,-3624,-20,-7,599,-88,-235,242,160,182,-63,-236,1155,245,13,-3,-2119,1/31/2024,1/31/2024,"Jan31,2024",Net Investment,Net Investment_Total_IN USD Mn
"AUC as on January 31, 2024",IN INR Cr.,Equity,420703,279625,96938,140676,118325,195445,190130,4705,406935,1842078,3017,358917,626303,14822,187824,579667,20271,270052,118260,117408,0,186443,19735,1175,6199452,1/31/2024,1/31/2024,"Jan31,2024",AUC,AUC_Equity_IN INR Cr.
"AUC as on January 31, 2024",IN INR Cr.,Debt,133,843,0,407,896,0,1109,165,133,19946,487,406,0,0,71,444,71989,3625,139,1056,209630,307,363,100,312249,1/31/2024,1/31/2024,"Jan31,2024",AUC,AUC_Debt_IN INR Cr.
"AUC as on January 31, 2024",IN INR Cr.,Debt VRR,11,0,615,2178,556,0,670,0,285,7112,0,0,385,100,1500,0,130651,105,777,0,1562,0,0,0,146506,1/31/2024,1/31/2024,"Jan31,2024",AUC,AUC_Debt VRR_IN INR Cr.
"AUC as on January 31, 2024",IN INR Cr.,Hybrid,0,0,0,0,0,0,0,0,0,0,0,0,0,0,0,0,4561,6710,19508,4079,0,3930,0,0,38787,1/31/2024,1/31/2024,"Jan31,2024",AUC,AUC_Hybrid_IN INR Cr.
"AUC as on January 31, 2024",IN INR Cr.,Total,420847,280468,97553,143261,119777,195445,191909,4870,407353,1869136,3504,359323,626688,14922,189395,580111,227472,280492,138684,122543,211192,190680,20098,1275,6696994,1/31/2024,1/31/2024,"Jan31,2024",AUC,AUC_Total_IN INR Cr.
"AUC as on January 31, 2024",IN USD Mn,Equity,50638,33657,11668,16932,14242,23525,22885,566,48981,221722,363,43201,75385,1784,22607,69772,2440,32505,14234,14132,0,22441,2375,141,746198,1/31/2024,1/31/2024,"Jan31,2024",AUC,AUC_Equity_IN USD Mn
"AUC as on January 31, 2024",IN USD Mn,Debt,16,102,0,49,108,0,133,20,16,2401,59,49,0,0,8,53,8665,436,17,127,25232,37,44,12,37584,1/31/2024,1/31/2024,"Jan31,2024",AUC,AUC_Debt_IN USD Mn
"AUC as on January 31, 2024",IN USD Mn,Debt VRR,1,0,74,262,67,0,81,0,34,856,0,0,46,12,181,0,15726,13,94,0,188,0,0,0,17634,1/31/2024,1/31/2024,"Jan31,2024",AUC,AUC_Debt VRR_IN USD Mn
"AUC as on January 31, 2024",IN USD Mn,Hybrid,0,0,0,0,0,0,0,0,0,0,0,0,0,0,0,0,549,808,2348,491,0,473,0,0,4669,1/31/2024,1/31/2024,"Jan31,2024",AUC,AUC_Hybrid_IN USD Mn
"AUC as on January 31, 2024",IN USD Mn,Total,50655,33759,11742,17243,14417,23525,23099,586,49031,224979,422,43250,75431,1796,22796,69825,27380,33762,16693,14750,25420,22951,2419,153,806085,1/31/2024,1/31/2024,"Jan31,2024",AUC,AUC_Total_IN USD Mn
"AUC as on January 31, 2024",IN INR Cr.,Equity,420703,279625,96938,140676,118325,195445,190130,4705,406935,1842078,3017,358917,626303,14822,187824,579667,20271,270052,118260,117408,0,186443,19735,1175,6199452,1/31/2024,1/31/2024,"Jan31,2024",AUC,AUC_Equity_IN INR Cr.
"AUC as on January 31, 2024",IN INR Cr.,Debt,133,843,0,407,896,0,1109,165,133,19946,487,406,0,0,71,444,71989,3625,139,1056,209630,307,363,100,312249,1/31/2024,1/31/2024,"Jan31,2024",AUC,AUC_Debt_IN INR Cr.
"AUC as on January 31, 2024",IN INR Cr.,Debt VRR,11,0,615,2178,556,0,670,0,285,7112,0,0,385,100,1500,0,130651,105,777,0,1562,0,0,0,146506,1/31/2024,1/31/2024,"Jan31,2024",AUC,AUC_Debt VRR_IN INR Cr.
"AUC as on January 31, 2024",IN INR Cr.,Hybrid,0,0,0,0,0,0,0,0,0,0,0,0,0,0,0,0,4561,6710,19508,4079,0,3930,0,0,38787,1/31/2024,1/31/2024,"Jan31,2024",AUC,AUC_Hybrid_IN INR Cr.
"AUC as on January 31, 2024",IN INR Cr.,Total,420847,280468,97553,143261,119777,195445,191909,4870,407353,1869136,3504,359323,626688,14922,189395,580111,227472,280492,138684,122543,211192,190680,20098,1275,6696994,1/31/2024,1/31/2024,"Jan31,2024",AUC,AUC_Total_IN INR Cr.
"AUC as on January 31, 2024",IN USD Mn,Equity,50638,33657,11668,16932,14242,23525,22885,566,48981,221722,363,43201,75385,1784,22607,69772,2440,32505,14234,14132,0,22441,2375,141,746198,1/31/2024,1/31/2024,"Jan31,2024",AUC,AUC_Equity_IN USD Mn
"AUC as on January 31, 2024",IN USD Mn,Debt,16,102,0,49,108,0,133,20,16,2401,59,49,0,0,8,53,8665,436,17,127,25232,37,44,12,37584,1/31/2024,1/31/2024,"Jan31,2024",AUC,AUC_Debt_IN USD Mn
"AUC as on January 31, 2024",IN USD Mn,Debt VRR,1,0,74,262,67,0,81,0,34,856,0,0,46,12,181,0,15726,13,94,0,188,0,0,0,17634,1/31/2024,1/31/2024,"Jan31,2024",AUC,AUC_Debt VRR_IN USD Mn
"AUC as on January 31, 2024",IN USD Mn,Hybrid,0,0,0,0,0,0,0,0,0,0,0,0,0,0,0,0,549,808,2348,491,0,473,0,0,4669,1/31/2024,1/31/2024,"Jan31,2024",AUC,AUC_Hybrid_IN USD Mn
"AUC as on January 31, 2024",IN USD Mn,Total,50655,33759,11742,17243,14417,23525,23099,586,49031,224979,422,43250,75431,1796,22796,69825,27380,33762,16693,14750,25420,22951,2419,153,806085,1/31/2024,1/31/2024,"Jan31,2024",AUC,AUC_Total_IN USD Mn
"Net Investment January 16-31, 2024",IN INR Cr.,Equity,-437,1000,-1036,-75,-193,-1445,-97,19,-2016,-31261,22,-58,4977,-731,-1949,2012,1057,1521,-595,-2006,0,2033,108,-27,-29177,1/31/2024,1/31/2024,"Jan31,2024",Net Investment,Net Investment_Equity_IN INR Cr.
"Net Investment January 16-31, 2024",IN INR Cr.,Debt,0,0,0,0,0,0,0,0,0,258,-190,0,0,0,0,0,-20,8,0,42,9213,0,0,0,9312,1/31/2024,1/31/2024,"Jan31,2024",Net Investment,Net Investment_Debt_IN INR Cr.
"Net Investment January 16-31, 2024",IN INR Cr.,Debt VRR,0,0,615,0,0,0,0,0,0,899,0,0,0,0,0,0,303,0,0,0,381,0,0,0,2198,1/31/2024,1/31/2024,"Jan31,2024",Net Investment,Net Investment_Debt VRR_IN INR Cr.
"Net Investment January 16-31, 2024",IN INR Cr.,Hybrid,0,0,0,0,0,0,0,0,0,0,0,0,0,0,0,0,0,-18,74,1,0,0,0,0,58,1/31/2024,1/31/2024,"Jan31,2024",Net Investment,Net Investment_Hybrid_IN INR Cr.
"Net Investment January 16-31, 2024",IN INR Cr.,Total,-437,1000,-421,-75,-193,-1445,-97,19,-2016,-30104,-168,-58,4977,-731,-1949,2012,1340,1511,-521,-1963,9594,2033,108,-27,-17609,1/31/2024,1/31/2024,"Jan31,2024",Net Investment,Net Investment_Total_IN INR Cr.
"Net Investment January 16-31, 2024",IN USD Mn,Equity,-53,120,-125,-9,-23,-174,-12,2,-243,-3763,3,-7,599,-88,-235,242,127,183,-72,-241,0,245,13,-3,-3512,1/31/2024,1/31/2024,"Jan31,2024",Net Investment,Net Investment_Equity_IN USD Mn
"Net Investment January 16-31, 2024",IN USD Mn,Debt,0,0,0,0,0,0,0,0,0,31,-23,0,0,0,0,0,-3,1,0,5,1109,0,0,0,1121,1/31/2024,1/31/2024,"Jan31,2024",Net Investment,Net Investment_Debt_IN USD Mn
"Net Investment January 16-31, 2024",IN USD Mn,Debt VRR,0,0,74,0,0,0,0,0,0,108,0,0,0,0,0,0,36,0,0,0,46,0,0,0,265,1/31/2024,1/31/2024,"Jan31,2024",Net Investment,Net Investment_Debt VRR_IN USD Mn
"Net Investment January 16-31, 2024",IN USD Mn,Hybrid,0,0,0,0,0,0,0,0,0,0,0,0,0,0,0,0,0,-2,9,0,0,0,0,0,7,1/31/2024,1/31/2024,"Jan31,2024",Net Investment,Net Investment_Hybrid_IN USD Mn
"Net Investment January 16-31, 2024",IN USD Mn,Total,-53,120,-51,-9,-23,-174,-12,2,-243,-3624,-20,-7,599,-88,-235,242,160,182,-63,-236,1155,245,13,-3,-2119,1/31/2024,1/31/2024,"Jan31,2024",Net Investment,Net Investment_Total_IN USD Mn
"Net Investment February 01-15, 2024",IN INR Cr.,Equity,2539,921,-790,-4251,-34,180,3041,-87,-3011,-7536,-4,4212,3240,4,-1067,1035,443,-2895,574,1976,0,-3766,353,3,-4919,2/15/2024,2/15/2024,"Feb15,2024",Net Investment,Net Investment_Equity_IN INR Cr.
"Net Investment February 01-15, 2024",IN INR Cr.,Debt,0,0,0,0,0,0,0,0,0,819,0,0,0,0,0,0,1183,0,45,0,13800,-146,0,0,15701,2/15/2024,2/15/2024,"Feb15,2024",Net Investment,Net Investment_Debt_IN INR Cr.
"Net Investment February 01-15, 2024",IN INR Cr.,Debt VRR,0,0,0,0,0,0,0,0,0,-92,0,0,0,-5,0,0,-593,0,-61,0,145,0,0,0,-606,2/15/2024,2/15/2024,"Feb15,2024",Net Investment,Net Investment_Debt VRR_IN INR Cr.
"Net Investment February 01-15, 2024",IN INR Cr.,Hybrid,0,0,0,0,0,0,0,0,0,0,0,0,0,0,0,0,0,-15,140,3,0,6701,0,0,6830,2/15/2024,2/15/2024,"Feb15,2024",Net Investment,Net Investment_Hybrid_IN INR Cr.
"Net Investment February 01-15, 2024",IN INR Cr.,Total,2539,921,-790,-4251,-34,180,3041,-87,-3011,-6809,-4,4212,3240,-1,-1067,1035,1034,-2910,698,1979,13945,2789,353,3,17006,2/15/2024,2/15/2024,"Feb15,2024",Net Investment,Net Investment_Total_IN INR Cr.
"Net Investment February 01-15, 2024",IN USD Mn,Equity,306,111,-95,-512,-4,22,366,-11,-363,-908,-1,507,390,1,-129,125,53,-349,69,238,0,-454,42,0,-593,2/15/2024,2/15/2024,"Feb15,2024",Net Investment,Net Investment_Equity_IN USD Mn
"Net Investment February 01-15, 2024",IN USD Mn,Debt,0,0,0,0,0,0,0,0,0,98,0,0,0,0,0,0,142,0,5,0,1662,-18,0,0,1891,2/15/2024,2/15/2024,"Feb15,2024",Net Investment,Net Investment_Debt_IN USD Mn
"Net Investment February 01-15, 2024",IN USD Mn,Debt VRR,0,0,0,0,0,0,0,0,0,-11,0,0,0,-1,0,0,-71,0,-7,0,18,0,0,0,-73,2/15/2024,2/15/2024,"Feb15,2024",Net Investment,Net Investment_Debt VRR_IN USD Mn
"Net Investment February 01-15, 2024",IN USD Mn,Hybrid,0,0,0,0,0,0,0,0,0,0,0,0,0,0,0,0,0,-2,17,0,0,807,0,0,823,2/15/2024,2/15/2024,"Feb15,2024",Net Investment,Net Investment_Hybrid_IN USD Mn
"Net Investment February 01-15, 2024",IN USD Mn,Total,306,111,-95,-512,-4,22,366,-11,-363,-820,-1,507,390,0,-129,125,124,-351,84,238,1680,335,42,0,2048,2/15/2024,2/15/2024,"Feb15,2024",Net Investment,Net Investment_Total_IN USD Mn
"AUC as on February 15, 2024",IN INR Cr.,Equity,439037,278904,95487,130403,113814,195524,207279,4142,398976,1820341,2806,378196,654279,14901,185714,617639,20959,282996,120938,124752,0,176274,19460,1164,6283985,2/15/2024,2/15/2024,"Feb15,2024",AUC,AUC_Equity_IN INR Cr.
"AUC as on February 15, 2024",IN INR Cr.,Debt,133,843,0,407,896,0,1109,165,133,20486,487,406,0,0,71,444,72794,3625,184,1056,224160,162,363,100,328025,2/15/2024,2/15/2024,"Feb15,2024",AUC,AUC_Debt_IN INR Cr.
"AUC as on February 15, 2024",IN INR Cr.,Debt VRR,11,0,615,2178,556,0,670,0,285,7022,0,0,385,100,1500,0,130289,105,707,0,1707,0,0,0,146129,2/15/2024,2/15/2024,"Feb15,2024",AUC,AUC_Debt VRR_IN INR Cr.
"AUC as on February 15, 2024",IN INR Cr.,Hybrid,0,0,0,0,0,0,0,0,0,0,0,0,0,0,0,0,4561,6613,20138,4057,0,10644,0,0,46013,2/15/2024,2/15/2024,"Feb15,2024",AUC,AUC_Hybrid_IN INR Cr.
"AUC as on February 15, 2024",IN INR Cr.,Total,439181,279747,96102,132988,115266,195524,209058,4307,399394,1847849,3293,378602,654664,15001,187285,618083,228603,293339,141967,129865,225867,187080,19823,1264,6804152,2/15/2024,2/15/2024,"Feb15,2024",AUC,AUC_Total_IN INR Cr.
"AUC as on February 15, 2024",IN USD Mn,Equity,52888,33598,11503,15709,13711,23554,24970,499,48062,219287,338,45559,78818,1795,22372,74404,2525,34091,14569,15028,0,21235,2344,140,756998,2/15/2024,2/15/2024,"Feb15,2024",AUC,AUC_Equity_IN USD Mn
"AUC as on February 15, 2024",IN USD Mn,Debt,16,102,0,49,108,0,134,20,16,2468,59,49,0,0,8,53,8769,437,22,127,27003,20,44,12,39515,2/15/2024,2/15/2024,"Feb15,2024",AUC,AUC_Debt_IN USD Mn
"AUC as on February 15, 2024",IN USD Mn,Debt VRR,1,0,74,262,67,0,81,0,34,846,0,0,46,12,181,0,15695,13,85,0,206,0,0,0,17603,2/15/2024,2/15/2024,"Feb15,2024",AUC,AUC_Debt VRR_IN USD Mn
"AUC as on February 15, 2024",IN USD Mn,Hybrid,0,0,0,0,0,0,0,0,0,0,0,0,0,0,0,0,549,797,2426,489,0,1282,0,0,5543,2/15/2024,2/15/2024,"Feb15,2024",AUC,AUC_Hybrid_IN USD Mn
"AUC as on February 15, 2024",IN USD Mn,Total,52905,33700,11577,16020,13886,23554,25185,519,48112,222601,397,45608,78864,1807,22561,74457,27538,35338,17102,15644,27209,22537,2388,152,819659,2/15/2024,2/15/2024,"Feb15,2024",AUC,AUC_Total_IN USD Mn
"AUC as on February 15, 2024",IN INR Cr.,Equity,439037,278904,95487,130403,113814,195524,207279,4142,398976,1820341,2806,378196,654279,14901,185714,617639,20959,282996,120938,124752,0,176274,19460,1164,6283985,2/15/2024,2/15/2024,"Feb15,2024",AUC,AUC_Equity_IN INR Cr.
"AUC as on February 15, 2024",IN INR Cr.,Debt,133,843,0,407,896,0,1109,165,133,20486,487,406,0,0,71,444,72794,3625,184,1056,224160,162,363,100,328025,2/15/2024,2/15/2024,"Feb15,2024",AUC,AUC_Debt_IN INR Cr.
"AUC as on February 15, 2024",IN INR Cr.,Debt VRR,11,0,615,2178,556,0,670,0,285,7022,0,0,385,100,1500,0,130289,105,707,0,1707,0,0,0,146129,2/15/2024,2/15/2024,"Feb15,2024",AUC,AUC_Debt VRR_IN INR Cr.
"AUC as on February 15, 2024",IN INR Cr.,Hybrid,0,0,0,0,0,0,0,0,0,0,0,0,0,0,0,0,4561,6613,20138,4057,0,10644,0,0,46013,2/15/2024,2/15/2024,"Feb15,2024",AUC,AUC_Hybrid_IN INR Cr.
"AUC as on February 15, 2024",IN INR Cr.,Total,439181,279747,96102,132988,115266,195524,209058,4307,399394,1847849,3293,378602,654664,15001,187285,618083,228603,293339,141967,129865,225867,187080,19823,1264,6804152,2/15/2024,2/15/2024,"Feb15,2024",AUC,AUC_Total_IN INR Cr.
"AUC as on February 15, 2024",IN USD Mn,Equity,52888,33598,11503,15709,13711,23554,24970,499,48062,219287,338,45559,78818,1795,22372,74404,2525,34091,14569,15028,0,21235,2344,140,756998,2/15/2024,2/15/2024,"Feb15,2024",AUC,AUC_Equity_IN USD Mn
"AUC as on February 15, 2024",IN USD Mn,Debt,16,102,0,49,108,0,134,20,16,2468,59,49,0,0,8,53,8769,437,22,127,27003,20,44,12,39515,2/15/2024,2/15/2024,"Feb15,2024",AUC,AUC_Debt_IN USD Mn
"AUC as on February 15, 2024",IN USD Mn,Debt VRR,1,0,74,262,67,0,81,0,34,846,0,0,46,12,181,0,15695,13,85,0,206,0,0,0,17603,2/15/2024,2/15/2024,"Feb15,2024",AUC,AUC_Debt VRR_IN USD Mn
"AUC as on February 15, 2024",IN USD Mn,Hybrid,0,0,0,0,0,0,0,0,0,0,0,0,0,0,0,0,549,797,2426,489,0,1282,0,0,5543,2/15/2024,2/15/2024,"Feb15,2024",AUC,AUC_Hybrid_IN USD Mn
"AUC as on February 15, 2024",IN USD Mn,Total,52905,33700,11577,16020,13886,23554,25185,519,48112,222601,397,45608,78864,1807,22561,74457,27538,35338,17102,15644,27209,22537,2388,152,819659,2/15/2024,2/15/2024,"Feb15,2024",AUC,AUC_Total_IN USD Mn
"Net Investment February 01-15, 2024",IN INR Cr.,Equity,2539,921,-790,-4251,-34,180,3041,-87,-3011,-7536,-4,4212,3240,4,-1067,1035,443,-2895,574,1976,0,-3766,353,3,-4919,2/15/2024,2/15/2024,"Feb15,2024",Net Investment,Net Investment_Equity_IN INR Cr.
"Net Investment February 01-15, 2024",IN INR Cr.,Debt,0,0,0,0,0,0,0,0,0,819,0,0,0,0,0,0,1183,0,45,0,13800,-146,0,0,15701,2/15/2024,2/15/2024,"Feb15,2024",Net Investment,Net Investment_Debt_IN INR Cr.
"Net Investment February 01-15, 2024",IN INR Cr.,Debt VRR,0,0,0,0,0,0,0,0,0,-92,0,0,0,-5,0,0,-593,0,-61,0,145,0,0,0,-606,2/15/2024,2/15/2024,"Feb15,2024",Net Investment,Net Investment_Debt VRR_IN INR Cr.
"Net Investment February 01-15, 2024",IN INR Cr.,Hybrid,0,0,0,0,0,0,0,0,0,0,0,0,0,0,0,0,0,-15,140,3,0,6701,0,0,6830,2/15/2024,2/15/2024,"Feb15,2024",Net Investment,Net Investment_Hybrid_IN INR Cr.
"Net Investment February 01-15, 2024",IN INR Cr.,Total,2539,921,-790,-4251,-34,180,3041,-87,-3011,-6809,-4,4212,3240,-1,-1067,1035,1034,-2910,698,1979,13945,2789,353,3,17006,2/15/2024,2/15/2024,"Feb15,2024",Net Investment,Net Investment_Total_IN INR Cr.
"Net Investment February 01-15, 2024",IN USD Mn,Equity,306,111,-95,-512,-4,22,366,-11,-363,-908,-1,507,390,1,-129,125,53,-349,69,238,0,-454,42,0,-593,2/15/2024,2/15/2024,"Feb15,2024",Net Investment,Net Investment_Equity_IN USD Mn
"Net Investment February 01-15, 2024",IN USD Mn,Debt,0,0,0,0,0,0,0,0,0,98,0,0,0,0,0,0,142,0,5,0,1662,-18,0,0,1891,2/15/2024,2/15/2024,"Feb15,2024",Net Investment,Net Investment_Debt_IN USD Mn
"Net Investment February 01-15, 2024",IN USD Mn,Debt VRR,0,0,0,0,0,0,0,0,0,-11,0,0,0,-1,0,0,-71,0,-7,0,18,0,0,0,-73,2/15/2024,2/15/2024,"Feb15,2024",Net Investment,Net Investment_Debt VRR_IN USD Mn
"Net Investment February 01-15, 2024",IN USD Mn,Hybrid,0,0,0,0,0,0,0,0,0,0,0,0,0,0,0,0,0,-2,17,0,0,807,0,0,823,2/15/2024,2/15/2024,"Feb15,2024",Net Investment,Net Investment_Hybrid_IN USD Mn
"Net Investment February 01-15, 2024",IN USD Mn,Total,306,111,-95,-512,-4,22,366,-11,-363,-820,-1,507,390,0,-129,125,124,-351,84,238,1680,335,42,0,2048,2/15/2024,2/15/2024,"Feb15,2024",Net Investment,Net Investment_Total_IN USD Mn
"Net Investment February 16-29, 2024",IN INR Cr.,Equity,3003,2985,-1,-243,221,931,4497,-10,-1461,-2441,-24,987,-1043,-518,391,-4578,30,1404,858,1536,0,-167,85,16,6458,2/29/2024,2/29/2024,"Feb29,2024",Net Investment,Net Investment_Equity_IN INR Cr.
"Net Investment February 16-29, 2024",IN INR Cr.,Debt,0,0,0,0,0,0,0,0,0,427,0,0,0,0,0,0,763,-55,6,36,5423,118,0,0,6719,2/29/2024,2/29/2024,"Feb29,2024",Net Investment,Net Investment_Debt_IN INR Cr.
"Net Investment February 16-29, 2024",IN INR Cr.,Debt VRR,0,0,0,0,0,0,0,0,0,1231,0,0,0,0,0,0,292,0,-9,0,-46,0,0,0,1467,2/29/2024,2/29/2024,"Feb29,2024",Net Investment,Net Investment_Debt VRR_IN INR Cr.
"Net Investment February 16-29, 2024",IN INR Cr.,Hybrid,0,0,0,0,0,0,0,0,0,0,0,0,0,0,0,0,0,24,141,1,0,0,0,0,167,2/29/2024,2/29/2024,"Feb29,2024",Net Investment,Net Investment_Hybrid_IN INR Cr.
"Net Investment February 16-29, 2024",IN INR Cr.,Total,3003,2985,-1,-243,221,931,4497,-10,-1461,-783,-24,987,-1043,-518,391,-4578,1085,1373,996,1573,5377,-49,85,16,14811,2/29/2024,2/29/2024,"Feb29,2024",Net Investment,Net Investment_Total_IN INR Cr.
"Net Investment February 16-29, 2024",IN USD Mn,Equity,362,360,0,-29,27,112,542,-1,-176,-295,-3,119,-126,-62,47,-552,4,169,103,185,0,-20,10,2,779,2/29/2024,2/29/2024,"Feb29,2024",Net Investment,Net Investment_Equity_IN USD Mn
"Net Investment February 16-29, 2024",IN USD Mn,Debt,0,0,0,0,0,0,0,0,0,52,0,0,0,0,0,0,92,-7,1,4,654,14,0,0,810,2/29/2024,2/29/2024,"Feb29,2024",Net Investment,Net Investment_Debt_IN USD Mn
"Net Investment February 16-29, 2024",IN USD Mn,Debt VRR,0,0,0,0,0,0,0,0,0,148,0,0,0,0,0,0,35,0,-1,0,-6,0,0,0,177,2/29/2024,2/29/2024,"Feb29,2024",Net Investment,Net Investment_Debt VRR_IN USD Mn
"Net Investment February 16-29, 2024",IN USD Mn,Hybrid,0,0,0,0,0,0,0,0,0,0,0,0,0,0,0,0,0,3,17,0,0,0,0,0,20,2/29/2024,2/29/2024,"Feb29,2024",Net Investment,Net Investment_Hybrid_IN USD Mn
"Net Investment February 16-29, 2024",IN USD Mn,Total,362,360,0,-29,27,112,542,-1,-176,-95,-3,119,-126,-62,47,-552,131,165,120,189,648,-6,10,2,1786,2/29/2024,2/29/2024,"Feb29,2024",Net Investment,Net Investment_Total_IN USD Mn
"AUC as on February 29, 2024",IN INR Cr.,Equity,451765,292549,95726,136492,116166,196896,218267,4174,402006,1821845,2729,376424,651058,13719,186641,600850,21185,283009,128021,129424,0,178286,19254,1212,6327698,2/29/2024,2/29/2024,"Feb29,2024",AUC,AUC_Equity_IN INR Cr.
"AUC as on February 29, 2024",IN INR Cr.,Debt,133,814,0,407,33,0,1109,165,133,21203,487,406,0,0,71,444,73733,3570,190,1055,229074,278,363,100,333766,2/29/2024,2/29/2024,"Feb29,2024",AUC,AUC_Debt_IN INR Cr.
"AUC as on February 29, 2024",IN INR Cr.,Debt VRR,11,29,615,2178,60,0,1086,0,285,8134,0,0,385,100,1500,0,130101,105,707,0,1659,0,0,0,146955,2/29/2024,2/29/2024,"Feb29,2024",AUC,AUC_Debt VRR_IN INR Cr.
"AUC as on February 29, 2024",IN INR Cr.,Hybrid,0,0,0,0,0,0,0,0,0,0,0,0,0,0,0,0,4561,6646,20690,4059,0,10644,0,0,46601,2/29/2024,2/29/2024,"Feb29,2024",AUC,AUC_Hybrid_IN INR Cr.
"AUC as on February 29, 2024",IN INR Cr.,Total,451909,293392,96341,139077,116259,196896,220462,4339,402424,1851182,3216,376830,651443,13819,188212,601294,229580,293330,149608,134538,230733,189208,19617,1312,6855020,2/29/2024,2/29/2024,"Feb29,2024",AUC,AUC_Total_IN INR Cr.
"AUC as on February 29, 2024",IN USD Mn,Equity,54479,35279,11544,16460,14009,23744,26321,503,48479,219699,329,45393,78512,1654,22507,72457,2555,34128,15438,15607,0,21500,2322,146,763066,2/29/2024,2/29/2024,"Feb29,2024",AUC,AUC_Equity_IN USD Mn
"AUC as on February 29, 2024",IN USD Mn,Debt,16,98,0,49,4,0,134,20,16,2557,59,49,0,0,9,54,8892,431,23,127,27624,34,44,12,40249,2/29/2024,2/29/2024,"Feb29,2024",AUC,AUC_Debt_IN USD Mn
"AUC as on February 29, 2024",IN USD Mn,Debt VRR,1,4,74,263,7,0,131,0,34,981,0,0,46,12,181,0,15689,13,85,0,200,0,0,0,17721,2/29/2024,2/29/2024,"Feb29,2024",AUC,AUC_Debt VRR_IN USD Mn
"AUC as on February 29, 2024",IN USD Mn,Hybrid,0,0,0,0,0,0,0,0,0,0,0,0,0,0,0,0,550,801,2495,490,0,1284,0,0,5620,2/29/2024,2/29/2024,"Feb29,2024",AUC,AUC_Hybrid_IN USD Mn
"AUC as on February 29, 2024",IN USD Mn,Total,54496,35381,11618,16772,14020,23744,26586,523,48529,223237,388,45442,78558,1666,22697,72511,27686,35373,18041,16224,27824,22818,2366,158,826656,2/29/2024,2/29/2024,"Feb29,2024",AUC,AUC_Total_IN USD Mn
"AUC as on February 29, 2024",IN INR Cr.,Equity,451765,292549,95726,136492,116166,196896,218267,4174,402006,1821845,2729,376424,651058,13719,186641,600850,21185,283009,128021,129424,0,178286,19254,1212,6327698,2/29/2024,2/29/2024,"Feb29,2024",AUC,AUC_Equity_IN INR Cr.
"AUC as on February 29, 2024",IN INR Cr.,Debt,133,814,0,407,33,0,1109,165,133,21203,487,406,0,0,71,444,73733,3570,190,1055,229074,278,363,100,333766,2/29/2024,2/29/2024,"Feb29,2024",AUC,AUC_Debt_IN INR Cr.
"AUC as on February 29, 2024",IN INR Cr.,Debt VRR,11,29,615,2178,60,0,1086,0,285,8134,0,0,385,100,1500,0,130101,105,707,0,1659,0,0,0,146955,2/29/2024,2/29/2024,"Feb29,2024",AUC,AUC_Debt VRR_IN INR Cr.
"AUC as on February 29, 2024",IN INR Cr.,Hybrid,0,0,0,0,0,0,0,0,0,0,0,0,0,0,0,0,4561,6646,20690,4059,0,10644,0,0,46601,2/29/2024,2/29/2024,"Feb29,2024",AUC,AUC_Hybrid_IN INR Cr.
"AUC as on February 29, 2024",IN INR Cr.,Total,451909,293392,96341,139077,116259,196896,220462,4339,402424,1851182,3216,376830,651443,13819,188212,601294,229580,293330,149608,134538,230733,189208,19617,1312,6855020,2/29/2024,2/29/2024,"Feb29,2024",AUC,AUC_Total_IN INR Cr.
"AUC as on February 29, 2024",IN USD Mn,Equity,54479,35279,11544,16460,14009,23744,26321,503,48479,219699,329,45393,78512,1654,22507,72457,2555,34128,15438,15607,0,21500,2322,146,763066,2/29/2024,2/29/2024,"Feb29,2024",AUC,AUC_Equity_IN USD Mn
"AUC as on February 29, 2024",IN USD Mn,Debt,16,98,0,49,4,0,134,20,16,2557,59,49,0,0,9,54,8892,431,23,127,27624,34,44,12,40249,2/29/2024,2/29/2024,"Feb29,2024",AUC,AUC_Debt_IN USD Mn
"AUC as on February 29, 2024",IN USD Mn,Debt VRR,1,4,74,263,7,0,131,0,34,981,0,0,46,12,181,0,15689,13,85,0,200,0,0,0,17721,2/29/2024,2/29/2024,"Feb29,2024",AUC,AUC_Debt VRR_IN USD Mn
"AUC as on February 29, 2024",IN USD Mn,Hybrid,0,0,0,0,0,0,0,0,0,0,0,0,0,0,0,0,550,801,2495,490,0,1284,0,0,5620,2/29/2024,2/29/2024,"Feb29,2024",AUC,AUC_Hybrid_IN USD Mn
"AUC as on February 29, 2024",IN USD Mn,Total,54496,35381,11618,16772,14020,23744,26586,523,48529,223237,388,45442,78558,1666,22697,72511,27686,35373,18041,16224,27824,22818,2366,158,826656,2/29/2024,2/29/2024,"Feb29,2024",AUC,AUC_Total_IN USD Mn
"Net Investment February 16-29, 2024",IN INR Cr.,Equity,3003,2985,-1,-243,221,931,4497,-10,-1461,-2441,-24,987,-1043,-518,391,-4578,30,1404,858,1536,0,-167,85,16,6458,2/29/2024,2/29/2024,"Feb29,2024",Net Investment,Net Investment_Equity_IN INR Cr.
"Net Investment February 16-29, 2024",IN INR Cr.,Debt,0,0,0,0,0,0,0,0,0,427,0,0,0,0,0,0,763,-55,6,36,5423,118,0,0,6719,2/29/2024,2/29/2024,"Feb29,2024",Net Investment,Net Investment_Debt_IN INR Cr.
"Net Investment February 16-29, 2024",IN INR Cr.,Debt VRR,0,0,0,0,0,0,0,0,0,1231,0,0,0,0,0,0,292,0,-9,0,-46,0,0,0,1467,2/29/2024,2/29/2024,"Feb29,2024",Net Investment,Net Investment_Debt VRR_IN INR Cr.
"Net Investment February 16-29, 2024",IN INR Cr.,Hybrid,0,0,0,0,0,0,0,0,0,0,0,0,0,0,0,0,0,24,141,1,0,0,0,0,167,2/29/2024,2/29/2024,"Feb29,2024",Net Investment,Net Investment_Hybrid_IN INR Cr.
"Net Investment February 16-29, 2024",IN INR Cr.,Total,3003,2985,-1,-243,221,931,4497,-10,-1461,-783,-24,987,-1043,-518,391,-4578,1085,1373,996,1573,5377,-49,85,16,14811,2/29/2024,2/29/2024,"Feb29,2024",Net Investment,Net Investment_Total_IN INR Cr.
"Net Investment February 16-29, 2024",IN USD Mn,Equity,362,360,0,-29,27,112,542,-1,-176,-295,-3,119,-126,-62,47,-552,4,169,103,185,0,-20,10,2,779,2/29/2024,2/29/2024,"Feb29,2024",Net Investment,Net Investment_Equity_IN USD Mn
"Net Investment February 16-29, 2024",IN USD Mn,Debt,0,0,0,0,0,0,0,0,0,52,0,0,0,0,0,0,92,-7,1,4,654,14,0,0,810,2/29/2024,2/29/2024,"Feb29,2024",Net Investment,Net Investment_Debt_IN USD Mn
"Net Investment February 16-29, 2024",IN USD Mn,Debt VRR,0,0,0,0,0,0,0,0,0,148,0,0,0,0,0,0,35,0,-1,0,-6,0,0,0,177,2/29/2024,2/29/2024,"Feb29,2024",Net Investment,Net Investment_Debt VRR_IN USD Mn
"Net Investment February 16-29, 2024",IN USD Mn,Hybrid,0,0,0,0,0,0,0,0,0,0,0,0,0,0,0,0,0,3,17,0,0,0,0,0,20,2/29/2024,2/29/2024,"Feb29,2024",Net Investment,Net Investment_Hybrid_IN USD Mn
"Net Investment February 16-29, 2024",IN USD Mn,Total,362,360,0,-29,27,112,542,-1,-176,-95,-3,119,-126,-62,47,-552,131,165,120,189,648,-6,10,2,1786,2/29/2024,2/29/2024,"Feb29,2024",Net Investment,Net Investment_Total_IN USD Mn
"Net Investment March 01-15, 2024",IN INR Cr.,Equity,3697,2838,45,633,-271,-167,4117,12,11180,5365,-11,-1577,-1104,-3,275,-1110,1065,272,4031,4697,0,6648,99,-23,40710,3/15/2024,3/15/2024,"Mar15,2024",Net Investment,Net Investment_Equity_IN INR Cr.
"Net Investment March 01-15, 2024",IN INR Cr.,Debt,-1,0,0,-18,-864,0,0,0,0,1172,0,0,0,0,0,-5,441,0,0,-36,9693,0,0,0,10383,3/15/2024,3/15/2024,"Mar15,2024",Net Investment,Net Investment_Debt_IN INR Cr.
"Net Investment March 01-15, 2024",IN INR Cr.,Debt VRR,0,0,0,-2178,-496,0,0,0,0,866,0,0,-2,-10,0,0,927,0,0,0,37,0,0,0,-857,3/15/2024,3/15/2024,"Mar15,2024",Net Investment,Net Investment_Debt VRR_IN INR Cr.
"Net Investment March 01-15, 2024",IN INR Cr.,Hybrid,0,0,0,106,0,0,0,0,0,0,0,0,0,0,0,0,0,18,99,12,0,0,0,0,235,3/15/2024,3/15/2024,"Mar15,2024",Net Investment,Net Investment_Hybrid_IN INR Cr.
"Net Investment March 01-15, 2024",IN INR Cr.,Total,3696,2838,45,-1457,-1631,-167,4117,12,11180,7403,-11,-1577,-1106,-13,275,-1115,2433,290,4130,4673,9730,6648,99,-23,50471,3/15/2024,3/15/2024,"Mar15,2024",Net Investment,Net Investment_Total_IN INR Cr.
"Net Investment March 01-15, 2024",IN USD Mn,Equity,446,342,5,76,-33,-20,497,1,1349,647,-1,-190,-133,0,33,-134,128,33,486,567,0,802,12,-3,4911,3/15/2024,3/15/2024,"Mar15,2024",Net Investment,Net Investment_Equity_IN USD Mn
"Net Investment March 01-15, 2024",IN USD Mn,Debt,0,0,0,-2,-104,0,0,0,0,141,0,0,0,0,0,-1,53,0,0,-4,1169,0,0,0,1253,3/15/2024,3/15/2024,"Mar15,2024",Net Investment,Net Investment_Debt_IN USD Mn
"Net Investment March 01-15, 2024",IN USD Mn,Debt VRR,0,0,0,-263,-60,0,0,0,0,104,0,0,0,-1,0,0,112,0,0,0,4,0,0,0,-103,3/15/2024,3/15/2024,"Mar15,2024",Net Investment,Net Investment_Debt VRR_IN USD Mn
"Net Investment March 01-15, 2024",IN USD Mn,Hybrid,0,0,0,13,0,0,0,0,0,0,0,0,0,0,0,0,0,2,12,1,0,0,0,0,28,3/15/2024,3/15/2024,"Mar15,2024",Net Investment,Net Investment_Hybrid_IN USD Mn
"Net Investment March 01-15, 2024",IN USD Mn,Total,446,342,5,-176,-197,-20,497,1,1349,892,-1,-190,-133,-1,33,-135,293,35,498,564,1173,802,12,-3,6089,3/15/2024,3/15/2024,"Mar15,2024",Net Investment,Net Investment_Total_IN USD Mn
"AUC as on March 15, 2024",IN INR Cr.,Equity,438942,284568,96548,137120,112688,193147,218516,3907,411273,1829059,2637,361725,644912,12261,184179,579763,20822,272974,120817,129363,0,197678,18667,1102,6272669,3/15/2024,3/15/2024,"Mar15,2024",AUC,AUC_Equity_IN INR Cr.
"AUC as on March 15, 2024",IN INR Cr.,Debt,132,814,0,388,25,0,1109,153,133,21380,467,406,0,0,71,439,73621,3570,190,1056,239019,278,363,100,343714,3/15/2024,3/15/2024,"Mar15,2024",AUC,AUC_Debt_IN INR Cr.
"AUC as on March 15, 2024",IN INR Cr.,Debt VRR,11,29,615,0,60,0,1086,0,285,9719,0,0,383,90,1500,0,132280,105,707,0,1696,0,0,0,148565,3/15/2024,3/15/2024,"Mar15,2024",AUC,AUC_Debt VRR_IN INR Cr.
"AUC as on March 15, 2024",IN INR Cr.,Hybrid,0,0,0,112,0,0,0,0,0,0,0,0,0,0,0,0,4561,6522,21478,4072,0,10644,0,0,47388,3/15/2024,3/15/2024,"Mar15,2024",AUC,AUC_Hybrid_IN INR Cr.
"AUC as on March 15, 2024",IN INR Cr.,Total,439085,285411,97163,137620,112773,193147,220711,4060,411691,1860158,3104,362131,645295,12351,185750,580202,231284,283171,143192,134491,240715,208600,19030,1202,6812336,3/15/2024,3/15/2024,"Mar15,2024",AUC,AUC_Total_IN INR Cr.
"AUC as on March 15, 2024",IN USD Mn,Equity,52954,34330,11647,16542,13595,23301,26362,471,49616,220656,318,43638,77802,1479,22219,69942,2512,32931,14575,15606,0,23848,2252,133,756729,3/15/2024,3/15/2024,"Mar15,2024",AUC,AUC_Equity_IN USD Mn
"AUC as on March 15, 2024",IN USD Mn,Debt,16,98,0,47,3,0,134,18,16,2579,56,49,0,0,9,53,8882,431,23,127,28835,34,44,12,41465,3/15/2024,3/15/2024,"Mar15,2024",AUC,AUC_Debt_IN USD Mn
"AUC as on March 15, 2024",IN USD Mn,Debt VRR,1,4,74,0,7,0,131,0,34,1172,0,0,46,11,181,0,15958,13,85,0,205,0,0,0,17923,3/15/2024,3/15/2024,"Mar15,2024",AUC,AUC_Debt VRR_IN USD Mn
"AUC as on March 15, 2024",IN USD Mn,Hybrid,0,0,0,13,0,0,0,0,0,0,0,0,0,0,0,0,550,787,2591,491,0,1284,0,0,5717,3/15/2024,3/15/2024,"Mar15,2024",AUC,AUC_Hybrid_IN USD Mn
"AUC as on March 15, 2024",IN USD Mn,Total,52971,34432,11721,16602,13605,23301,26627,489,49666,224407,374,43687,77848,1490,22409,69995,27902,34162,17274,16224,29040,25166,2296,145,821834,3/15/2024,3/15/2024,"Mar15,2024",AUC,AUC_Total_IN USD Mn
"AUC as on March 15, 2024",IN INR Cr.,Equity,438942,284568,96548,137120,112688,193147,218516,3907,411273,1829059,2637,361725,644912,12261,184179,579763,20822,272974,120817,129363,0,197678,18667,1102,6272669,3/15/2024,3/15/2024,"Mar15,2024",AUC,AUC_Equity_IN INR Cr.
"AUC as on March 15, 2024",IN INR Cr.,Debt,132,814,0,388,25,0,1109,153,133,21380,467,406,0,0,71,439,73621,3570,190,1056,239019,278,363,100,343714,3/15/2024,3/15/2024,"Mar15,2024",AUC,AUC_Debt_IN INR Cr.
"AUC as on March 15, 2024",IN INR Cr.,Debt VRR,11,29,615,0,60,0,1086,0,285,9719,0,0,383,90,1500,0,132280,105,707,0,1696,0,0,0,148565,3/15/2024,3/15/2024,"Mar15,2024",AUC,AUC_Debt VRR_IN INR Cr.
"AUC as on March 15, 2024",IN INR Cr.,Hybrid,0,0,0,112,0,0,0,0,0,0,0,0,0,0,0,0,4561,6522,21478,4072,0,10644,0,0,47388,3/15/2024,3/15/2024,"Mar15,2024",AUC,AUC_Hybrid_IN INR Cr.
"AUC as on March 15, 2024",IN INR Cr.,Total,439085,285411,97163,137620,112773,193147,220711,4060,411691,1860158,3104,362131,645295,12351,185750,580202,231284,283171,143192,134491,240715,208600,19030,1202,6812336,3/15/2024,3/15/2024,"Mar15,2024",AUC,AUC_Total_IN INR Cr.
"AUC as on March 15, 2024",IN USD Mn,Equity,52954,34330,11647,16542,13595,23301,26362,471,49616,220656,318,43638,77802,1479,22219,69942,2512,32931,14575,15606,0,23848,2252,133,756729,3/15/2024,3/15/2024,"Mar15,2024",AUC,AUC_Equity_IN USD Mn
"AUC as on March 15, 2024",IN USD Mn,Debt,16,98,0,47,3,0,134,18,16,2579,56,49,0,0,9,53,8882,431,23,127,28835,34,44,12,41465,3/15/2024,3/15/2024,"Mar15,2024",AUC,AUC_Debt_IN USD Mn
"AUC as on March 15, 2024",IN USD Mn,Debt VRR,1,4,74,0,7,0,131,0,34,1172,0,0,46,11,181,0,15958,13,85,0,205,0,0,0,17923,3/15/2024,3/15/2024,"Mar15,2024",AUC,AUC_Debt VRR_IN USD Mn
"AUC as on March 15, 2024",IN USD Mn,Hybrid,0,0,0,13,0,0,0,0,0,0,0,0,0,0,0,0,550,787,2591,491,0,1284,0,0,5717,3/15/2024,3/15/2024,"Mar15,2024",AUC,AUC_Hybrid_IN USD Mn
"AUC as on March 15, 2024",IN USD Mn,Total,52971,34432,11721,16602,13605,23301,26627,489,49666,224407,374,43687,77848,1490,22409,69995,27902,34162,17274,16224,29040,25166,2296,145,821834,3/15/2024,3/15/2024,"Mar15,2024",AUC,AUC_Total_IN USD Mn
"Net Investment March 01-15, 2024",IN INR Cr.,Equity,3697,2838,45,633,-271,-167,4117,12,11180,5365,-11,-1577,-1104,-3,275,-1110,1065,272,4031,4697,0,6648,99,-23,40710,3/15/2024,3/15/2024,"Mar15,2024",Net Investment,Net Investment_Equity_IN INR Cr.
"Net Investment March 01-15, 2024",IN INR Cr.,Debt,-1,0,0,-18,-864,0,0,0,0,1172,0,0,0,0,0,-5,441,0,0,-36,9693,0,0,0,10383,3/15/2024,3/15/2024,"Mar15,2024",Net Investment,Net Investment_Debt_IN INR Cr.
"Net Investment March 01-15, 2024",IN INR Cr.,Debt VRR,0,0,0,-2178,-496,0,0,0,0,866,0,0,-2,-10,0,0,927,0,0,0,37,0,0,0,-857,3/15/2024,3/15/2024,"Mar15,2024",Net Investment,Net Investment_Debt VRR_IN INR Cr.
"Net Investment March 01-15, 2024",IN INR Cr.,Hybrid,0,0,0,106,0,0,0,0,0,0,0,0,0,0,0,0,0,18,99,12,0,0,0,0,235,3/15/2024,3/15/2024,"Mar15,2024",Net Investment,Net Investment_Hybrid_IN INR Cr.
"Net Investment March 01-15, 2024",IN INR Cr.,Total,3696,2838,45,-1457,-1631,-167,4117,12,11180,7403,-11,-1577,-1106,-13,275,-1115,2433,290,4130,4673,9730,6648,99,-23,50471,3/15/2024,3/15/2024,"Mar15,2024",Net Investment,Net Investment_Total_IN INR Cr.
"Net Investment March 01-15, 2024",IN USD Mn,Equity,446,342,5,76,-33,-20,497,1,1349,647,-1,-190,-133,0,33,-134,128,33,486,567,0,802,12,-3,4911,3/15/2024,3/15/2024,"Mar15,2024",Net Investment,Net Investment_Equity_IN USD Mn
"Net Investment March 01-15, 2024",IN USD Mn,Debt,0,0,0,-2,-104,0,0,0,0,141,0,0,0,0,0,-1,53,0,0,-4,1169,0,0,0,1253,3/15/2024,3/15/2024,"Mar15,2024",Net Investment,Net Investment_Debt_IN USD Mn
"Net Investment March 01-15, 2024",IN USD Mn,Debt VRR,0,0,0,-263,-60,0,0,0,0,104,0,0,0,-1,0,0,112,0,0,0,4,0,0,0,-103,3/15/2024,3/15/2024,"Mar15,2024",Net Investment,Net Investment_Debt VRR_IN USD Mn
"Net Investment March 01-15, 2024",IN USD Mn,Hybrid,0,0,0,13,0,0,0,0,0,0,0,0,0,0,0,0,0,2,12,1,0,0,0,0,28,3/15/2024,3/15/2024,"Mar15,2024",Net Investment,Net Investment_Hybrid_IN USD Mn
"Net Investment March 01-15, 2024",IN USD Mn,Total,446,342,5,-176,-197,-20,497,1,1349,892,-1,-190,-133,-1,33,-135,293,35,498,564,1173,802,12,-3,6089,3/15/2024,3/15/2024,"Mar15,2024",Net Investment,Net Investment_Total_IN USD Mn
"Net Investment March 16-31, 2024",IN INR Cr.,Equity,-2085,951,868,173,-219,-1175,524,125,-4939,-1900,-49,627,-555,-145,931,-1169,173,-227,846,357,0,1319,-51,7,-5612,3/31/2024,3/31/2024,"Mar31,2024",Net Investment,Net Investment_Equity_IN INR Cr.
"Net Investment March 16-31, 2024",IN INR Cr.,Debt,-9,0,0,25,0,0,0,-12,0,-357,-20,-222,0,0,0,0,3437,-11,0,0,291,0,97,0,3219,3/31/2024,3/31/2024,"Mar31,2024",Net Investment,Net Investment_Debt_IN INR Cr.
"Net Investment March 16-31, 2024",IN INR Cr.,Debt VRR,0,0,0,0,0,0,0,0,0,1484,0,0,-21,0,0,0,2144,0,0,0,-272,0,0,0,3335,3/31/2024,3/31/2024,"Mar31,2024",Net Investment,Net Investment_Debt VRR_IN INR Cr.
"Net Investment March 16-31, 2024",IN INR Cr.,Hybrid,0,0,0,-20,0,0,0,0,0,0,0,0,0,0,0,0,563,-1,44,-3,0,0,0,0,583,3/31/2024,3/31/2024,"Mar31,2024",Net Investment,Net Investment_Hybrid_IN INR Cr.
"Net Investment March 16-31, 2024",IN INR Cr.,Total,-2094,951,868,178,-219,-1175,524,113,-4939,-773,-69,405,-576,-145,931,-1169,6317,-239,890,354,19,1319,46,7,1525,3/31/2024,3/31/2024,"Mar31,2024",Net Investment,Net Investment_Total_IN INR Cr.
"Net Investment March 16-31, 2024",IN USD Mn,Equity,-250,114,104,21,-27,-141,63,15,-593,-228,-6,75,-67,-17,112,-140,21,-27,102,43,0,158,-6,1,-673,3/31/2024,3/31/2024,"Mar31,2024",Net Investment,Net Investment_Equity_IN USD Mn
"Net Investment March 16-31, 2024",IN USD Mn,Debt,-1,0,0,3,0,0,0,-1,0,-43,-2,-27,0,0,0,0,413,-1,0,0,35,0,12,0,386,3/31/2024,3/31/2024,"Mar31,2024",Net Investment,Net Investment_Debt_IN USD Mn
"Net Investment March 16-31, 2024",IN USD Mn,Debt VRR,0,0,0,0,0,0,0,0,0,178,0,0,-3,0,0,0,257,0,0,0,-33,0,0,0,400,3/31/2024,3/31/2024,"Mar31,2024",Net Investment,Net Investment_Debt VRR_IN USD Mn
"Net Investment March 16-31, 2024",IN USD Mn,Hybrid,0,0,0,-2,0,0,0,0,0,0,0,0,0,0,0,0,68,0,5,0,0,0,0,0,70,3/31/2024,3/31/2024,"Mar31,2024",Net Investment,Net Investment_Hybrid_IN USD Mn
"Net Investment March 16-31, 2024",IN USD Mn,Total,-251,114,104,22,-27,-141,63,14,-593,-93,-8,48,-70,-17,112,-140,759,-28,107,43,2,158,6,1,183,3/31/2024,3/31/2024,"Mar31,2024",Net Investment,Net Investment_Total_IN USD Mn
"AUC as on March 31, 2024",IN INR Cr.,Equity,483285,292688,98871,147449,114615,196554,235318,5971,403421,1860055,2704,378195,586165,12059,194684,603522,33369,279712,129254,135131,0,202417,18716,1566,6415723,3/31/2024,3/31/2024,"Mar31,2024",AUC,AUC_Equity_IN INR Cr.
"AUC as on March 31, 2024",IN INR Cr.,Debt,164,771,0,413,25,0,1109,168,133,21471,467,183,0,0,71,439,76796,3560,190,1056,239081,278,460,100,346936,3/31/2024,3/31/2024,"Mar31,2024",AUC,AUC_Debt_IN INR Cr.
"AUC as on March 31, 2024",IN INR Cr.,Debt VRR,11,29,615,0,60,0,1086,0,285,11463,0,0,361,90,0,0,131719,105,707,0,1425,0,0,0,147956,3/31/2024,3/31/2024,"Mar31,2024",AUC,AUC_Debt VRR_IN INR Cr.
"AUC as on March 31, 2024",IN INR Cr.,Hybrid,0,0,0,97,0,0,0,0,0,0,0,0,0,0,0,0,5127,6611,20553,4050,0,6934,0,0,43373,3/31/2024,3/31/2024,"Mar31,2024",AUC,AUC_Hybrid_IN INR Cr.
"AUC as on March 31, 2024",IN INR Cr.,Total,483460,293488,99486,147959,114700,196554,237513,6139,403839,1892989,3171,378378,586526,12149,194755,603961,247011,289988,150704,140237,240506,209629,19176,1666,6953988,3/31/2024,3/31/2024,"Mar31,2024",AUC,AUC_Total_IN INR Cr.
"AUC as on March 31, 2024",IN USD Mn,Equity,57966,35105,11859,17686,13748,23575,28225,716,48387,223098,324,45362,70306,1446,23350,72387,4002,33549,15503,16208,0,24278,2245,188,769512,3/31/2024,3/31/2024,"Mar31,2024",AUC,AUC_Equity_IN USD Mn
"AUC as on March 31, 2024",IN USD Mn,Debt,20,93,0,50,3,0,133,20,16,2575,56,22,0,0,9,53,9211,427,23,127,28676,33,55,12,41612,3/31/2024,3/31/2024,"Mar31,2024",AUC,AUC_Debt_IN USD Mn
"AUC as on March 31, 2024",IN USD Mn,Debt VRR,1,4,74,0,7,0,130,0,34,1375,0,0,43,11,0,0,15799,13,85,0,171,0,0,0,17746,3/31/2024,3/31/2024,"Mar31,2024",AUC,AUC_Debt VRR_IN USD Mn
"AUC as on March 31, 2024",IN USD Mn,Hybrid,0,0,0,12,0,0,0,0,0,0,0,0,0,0,0,0,615,793,2465,486,0,832,0,0,5202,3/31/2024,3/31/2024,"Mar31,2024",AUC,AUC_Hybrid_IN USD Mn
"AUC as on March 31, 2024",IN USD Mn,Total,57987,35202,11933,17748,13758,23575,28488,736,48437,227048,380,45384,70349,1457,23359,72440,29627,34782,18076,16821,28847,25143,2300,200,834072,3/31/2024,3/31/2024,"Mar31,2024",AUC,AUC_Total_IN USD Mn
"AUC as on March 31, 2024",IN INR Cr.,Equity,483285,292688,98871,147449,114615,196554,235318,5971,403421,1860055,2704,378195,586165,12059,194684,603522,33369,279712,129254,135131,0,202417,18716,1566,6415723,3/31/2024,3/31/2024,"Mar31,2024",AUC,AUC_Equity_IN INR Cr.
"AUC as on March 31, 2024",IN INR Cr.,Debt,164,771,0,413,25,0,1109,168,133,21471,467,183,0,0,71,439,76796,3560,190,1056,239081,278,460,100,346936,3/31/2024,3/31/2024,"Mar31,2024",AUC,AUC_Debt_IN INR Cr.
"AUC as on March 31, 2024",IN INR Cr.,Debt VRR,11,29,615,0,60,0,1086,0,285,11463,0,0,361,90,0,0,131719,105,707,0,1425,0,0,0,147956,3/31/2024,3/31/2024,"Mar31,2024",AUC,AUC_Debt VRR_IN INR Cr.
"AUC as on March 31, 2024",IN INR Cr.,Hybrid,0,0,0,97,0,0,0,0,0,0,0,0,0,0,0,0,5127,6611,20553,4050,0,6934,0,0,43373,3/31/2024,3/31/2024,"Mar31,2024",AUC,AUC_Hybrid_IN INR Cr.
"AUC as on March 31, 2024",IN INR Cr.,Total,483460,293488,99486,147959,114700,196554,237513,6139,403839,1892989,3171,378378,586526,12149,194755,603961,247011,289988,150704,140237,240506,209629,19176,1666,6953988,3/31/2024,3/31/2024,"Mar31,2024",AUC,AUC_Total_IN INR Cr.
"AUC as on March 31, 2024",IN USD Mn,Equity,57966,35106,11859,17685,13747,23575,28224,716,48387,223098,324,45361,70306,1446,23351,72387,4002,33549,15503,16208,0,24278,2245,188,769512,3/31/2024,3/31/2024,"Mar31,2024",AUC,AUC_Equity_IN USD Mn
"AUC as on March 31, 2024",IN USD Mn,Debt,20,93,0,50,3,0,133,20,16,2575,56,22,0,0,9,53,9211,427,23,127,28676,33,55,12,41612,3/31/2024,3/31/2024,"Mar31,2024",AUC,AUC_Debt_IN USD Mn
"AUC as on March 31, 2024",IN USD Mn,Debt VRR,1,4,74,0,7,0,130,0,34,1375,0,0,43,11,0,0,15799,13,85,0,171,0,0,0,17746,3/31/2024,3/31/2024,"Mar31,2024",AUC,AUC_Debt VRR_IN USD Mn
"AUC as on March 31, 2024",IN USD Mn,Hybrid,0,0,0,12,0,0,0,0,0,0,0,0,0,0,0,0,615,793,2465,486,0,832,0,0,5202,3/31/2024,3/31/2024,"Mar31,2024",AUC,AUC_Hybrid_IN USD Mn
"AUC as on March 31, 2024",IN USD Mn,Total,57987,35203,11933,17747,13757,23575,28487,736,48437,227048,380,45383,70349,1457,23360,72440,29627,34782,18076,16821,28847,25143,2300,200,834072,3/31/2024,3/31/2024,"Mar31,2024",AUC,AUC_Total_IN USD Mn
"Net Investment March 16-31, 2024",IN INR Cr.,Equity,-2085,951,868,173,-219,-1175,524,125,-4939,-1900,-49,627,-555,-145,931,-1169,173,-227,846,357,0,1319,-51,7,-5612,3/31/2024,3/31/2024,"Mar31,2024",Net Investment,Net Investment_Equity_IN INR Cr.
"Net Investment March 16-31, 2024",IN INR Cr.,Debt,-9,0,0,25,0,0,0,-12,0,-357,-20,-222,0,0,0,0,3437,-11,0,0,291,0,97,0,3219,3/31/2024,3/31/2024,"Mar31,2024",Net Investment,Net Investment_Debt_IN INR Cr.
"Net Investment March 16-31, 2024",IN INR Cr.,Debt VRR,0,0,0,0,0,0,0,0,0,1484,0,0,-21,0,0,0,2144,0,0,0,-272,0,0,0,3335,3/31/2024,3/31/2024,"Mar31,2024",Net Investment,Net Investment_Debt VRR_IN INR Cr.
"Net Investment March 16-31, 2024",IN INR Cr.,Hybrid,0,0,0,-20,0,0,0,0,0,0,0,0,0,0,0,0,563,-1,44,-3,0,0,0,0,583,3/31/2024,3/31/2024,"Mar31,2024",Net Investment,Net Investment_Hybrid_IN INR Cr.
"Net Investment March 16-31, 2024",IN INR Cr.,Total,-2094,951,868,178,-219,-1175,524,113,-4939,-773,-69,405,-576,-145,931,-1169,6317,-239,890,354,19,1319,46,7,1525,3/31/2024,3/31/2024,"Mar31,2024",Net Investment,Net Investment_Total_IN INR Cr.
"Net Investment March 16-31, 2024",IN USD Mn,Equity,-250,114,104,21,-26,-141,63,15,-593,-228,-6,75,-67,-17,112,-140,21,-27,102,43,0,158,-6,1,-673,3/31/2024,3/31/2024,"Mar31,2024",Net Investment,Net Investment_Equity_IN USD Mn
"Net Investment March 16-31, 2024",IN USD Mn,Debt,-1,0,0,3,0,0,0,-1,0,-43,-2,-27,0,0,0,0,413,-1,0,0,35,0,12,0,386,3/31/2024,3/31/2024,"Mar31,2024",Net Investment,Net Investment_Debt_IN USD Mn
"Net Investment March 16-31, 2024",IN USD Mn,Debt VRR,0,0,0,0,0,0,0,0,0,178,0,0,-3,0,0,0,257,0,0,0,-33,0,0,0,400,3/31/2024,3/31/2024,"Mar31,2024",Net Investment,Net Investment_Debt VRR_IN USD Mn
"Net Investment March 16-31, 2024",IN USD Mn,Hybrid,0,0,0,-2,0,0,0,0,0,0,0,0,0,0,0,0,68,0,5,0,0,0,0,0,70,3/31/2024,3/31/2024,"Mar31,2024",Net Investment,Net Investment_Hybrid_IN USD Mn
"Net Investment March 16-31, 2024",IN USD Mn,Total,-251,114,104,22,-26,-141,63,14,-593,-93,-8,48,-70,-17,112,-140,759,-28,107,43,2,158,6,1,183,3/31/2024,3/31/2024,"Mar31,2024",Net Investment,Net Investment_Total_IN USD Mn
"Net Investment April 01-15, 2024",IN INR Cr.,Equity,1679,1228,373,827,-704,-1624,1713,17,-4351,3212,-4,61,-4658,-127,279,-923,373,5143,616,746,0,1659,-134,6,5408,4/15/2024,4/15/2024,"Apr15,2024",Net Investment,Net Investment_Equity_IN INR Cr.
"Net Investment April 01-15, 2024",IN INR Cr.,Debt,-1,0,0,5,1250,0,0,0,0,138,0,0,0,0,0,0,4841,0,0,0,-6477,0,0,0,-244,4/15/2024,4/15/2024,"Apr15,2024",Net Investment,Net Investment_Debt_IN INR Cr.
"Net Investment April 01-15, 2024",IN INR Cr.,Debt VRR,0,0,0,0,0,0,0,0,0,859,0,0,0,0,-1500,0,1533,0,0,0,1081,0,0,0,1973,4/15/2024,4/15/2024,"Apr15,2024",Net Investment,Net Investment_Debt VRR_IN INR Cr.
"Net Investment April 01-15, 2024",IN INR Cr.,Hybrid,0,0,0,-4,0,0,0,0,0,0,0,0,0,0,0,0,0,29,53,-4,0,0,0,0,74,4/15/2024,4/15/2024,"Apr15,2024",Net Investment,Net Investment_Hybrid_IN INR Cr.
"Net Investment April 01-15, 2024",IN INR Cr.,Total,1678,1228,373,828,546,-1624,1713,17,-4351,4209,-4,61,-4658,-127,-1221,-923,6747,5172,669,742,-5396,1659,-134,6,7211,4/15/2024,4/15/2024,"Apr15,2024",Net Investment,Net Investment_Total_IN INR Cr.
"Net Investment April 01-15, 2024",IN USD Mn,Equity,201,147,45,99,-84,-195,205,2,-521,385,-1,7,-558,-15,33,-111,44,617,74,89,0,199,-16,1,648,4/15/2024,4/15/2024,"Apr15,2024",Net Investment,Net Investment_Equity_IN USD Mn
"Net Investment April 01-15, 2024",IN USD Mn,Debt,0,0,0,1,150,0,0,0,0,17,0,0,0,0,0,0,580,0,0,0,-776,0,0,0,-29,4/15/2024,4/15/2024,"Apr15,2024",Net Investment,Net Investment_Debt_IN USD Mn
"Net Investment April 01-15, 2024",IN USD Mn,Debt VRR,0,0,0,0,0,0,0,0,0,103,0,0,0,0,-180,0,184,0,0,0,130,0,0,0,236,4/15/2024,4/15/2024,"Apr15,2024",Net Investment,Net Investment_Debt VRR_IN USD Mn
"Net Investment April 01-15, 2024",IN USD Mn,Hybrid,0,0,0,-1,0,0,0,0,0,0,0,0,0,0,0,0,0,4,6,0,0,0,0,0,9,4/15/2024,4/15/2024,"Apr15,2024",Net Investment,Net Investment_Hybrid_IN USD Mn
"Net Investment April 01-15, 2024",IN USD Mn,Total,201,147,45,99,66,-195,205,2,-521,505,-1,7,-558,-15,-147,-111,808,621,80,89,-646,199,-16,1,864,4/15/2024,4/15/2024,"Apr15,2024",Net Investment,Net Investment_Total_IN USD Mn
"AUC as on April 15, 2024",IN INR Cr.,Equity,488843,307107,101782,143498,112072,193887,242696,5983,392846,1885646,2876,375427,590231,12322,204400,602737,22911,291821,136921,136669,0,205142,19438,1713,6476964,4/15/2024,4/15/2024,"Apr15,2024",AUC,AUC_Equity_IN INR Cr.
"AUC as on April 15, 2024",IN INR Cr.,Debt,163,771,0,418,1275,0,1109,168,133,21708,467,183,0,0,71,439,81999,3560,190,1056,230745,278,460,100,345293,4/15/2024,4/15/2024,"Apr15,2024",AUC,AUC_Debt_IN INR Cr.
"AUC as on April 15, 2024",IN INR Cr.,Debt VRR,11,29,615,0,60,0,1086,0,285,12223,0,0,361,90,0,0,133469,105,701,0,2486,0,0,0,151520,4/15/2024,4/15/2024,"Apr15,2024",AUC,AUC_Debt VRR_IN INR Cr.
"AUC as on April 15, 2024",IN INR Cr.,Hybrid,0,0,0,90,0,0,0,0,0,0,0,0,0,0,0,0,4793,6773,20059,4058,0,6934,0,0,42707,4/15/2024,4/15/2024,"Apr15,2024",AUC,AUC_Hybrid_IN INR Cr.
"AUC as on April 15, 2024",IN INR Cr.,Total,489017,307907,102397,144006,113407,193887,244891,6151,393264,1919577,3343,375610,590592,12412,204471,603176,243172,302259,157871,141783,233231,212354,19898,1813,7016484,4/15/2024,4/15/2024,"Apr15,2024",AUC,AUC_Total_IN INR Cr.
"AUC as on April 15, 2024",IN USD Mn,Equity,58585,36805,12198,17197,13431,23236,29085,717,47080,225982,345,44992,70735,1477,24496,72234,2746,34973,16409,16379,0,24585,2330,205,776222,4/15/2024,4/15/2024,"Apr15,2024",AUC,AUC_Equity_IN USD Mn
"AUC as on April 15, 2024",IN USD Mn,Debt,20,92,0,50,153,0,133,20,16,2602,56,22,0,0,8,53,9827,427,23,127,27653,33,55,12,41381,4/15/2024,4/15/2024,"Apr15,2024",AUC,AUC_Debt_IN USD Mn
"AUC as on April 15, 2024",IN USD Mn,Debt VRR,1,4,74,0,7,0,130,0,34,1465,0,0,43,11,0,0,15995,13,84,0,298,0,0,0,18159,4/15/2024,4/15/2024,"Apr15,2024",AUC,AUC_Debt VRR_IN USD Mn
"AUC as on April 15, 2024",IN USD Mn,Hybrid,0,0,0,11,0,0,0,0,0,0,0,0,0,0,0,0,574,812,2404,486,0,831,0,0,5118,4/15/2024,4/15/2024,"Apr15,2024",AUC,AUC_Hybrid_IN USD Mn
"AUC as on April 15, 2024",IN USD Mn,Total,58606,36901,12272,17258,13591,23236,29348,737,47130,230049,401,45014,70778,1488,24504,72287,29142,36225,18920,16992,27951,25449,2385,217,840880,4/15/2024,4/15/2024,"Apr15,2024",AUC,AUC_Total_IN USD Mn
"AUC as on April 15, 2024",IN INR Cr.,Equity,488843,307107,101782,143498,112072,193887,242696,5983,392846,1885646,2876,375427,590231,12322,204400,602737,22911,291821,136921,136669,0,205142,19438,1713,6476964,4/15/2024,4/15/2024,"Apr15,2024",AUC,AUC_Equity_IN INR Cr.
"AUC as on April 15, 2024",IN INR Cr.,Debt,163,771,0,418,1275,0,1109,168,133,21708,467,183,0,0,71,439,81999,3560,190,1056,230745,278,460,100,345293,4/15/2024,4/15/2024,"Apr15,2024",AUC,AUC_Debt_IN INR Cr.
"AUC as on April 15, 2024",IN INR Cr.,Debt VRR,11,29,615,0,60,0,1086,0,285,12223,0,0,361,90,0,0,133469,105,701,0,2486,0,0,0,151520,4/15/2024,4/15/2024,"Apr15,2024",AUC,AUC_Debt VRR_IN INR Cr.
"AUC as on April 15, 2024",IN INR Cr.,Hybrid,0,0,0,90,0,0,0,0,0,0,0,0,0,0,0,0,4793,6773,20059,4058,0,6934,0,0,42707,4/15/2024,4/15/2024,"Apr15,2024",AUC,AUC_Hybrid_IN INR Cr.
"AUC as on April 15, 2024",IN INR Cr.,Total,489017,307907,102397,144006,113407,193887,244891,6151,393264,1919577,3343,375610,590592,12412,204471,603176,243172,302259,157871,141783,233231,212354,19898,1813,7016484,4/15/2024,4/15/2024,"Apr15,2024",AUC,AUC_Total_IN INR Cr.
"AUC as on April 15, 2024",IN USD Mn,Equity,58585,36805,12198,17197,13431,23236,29085,717,47080,225982,345,44992,70735,1477,24496,72234,2746,34973,16409,16379,0,24585,2330,205,776222,4/15/2024,4/15/2024,"Apr15,2024",AUC,AUC_Equity_IN USD Mn
"AUC as on April 15, 2024",IN USD Mn,Debt,20,92,0,50,153,0,133,20,16,2602,56,22,0,0,8,53,9827,427,23,127,27653,33,55,12,41381,4/15/2024,4/15/2024,"Apr15,2024",AUC,AUC_Debt_IN USD Mn
"AUC as on April 15, 2024",IN USD Mn,Debt VRR,1,4,74,0,7,0,130,0,34,1465,0,0,43,11,0,0,15995,13,84,0,298,0,0,0,18159,4/15/2024,4/15/2024,"Apr15,2024",AUC,AUC_Debt VRR_IN USD Mn
"AUC as on April 15, 2024",IN USD Mn,Hybrid,0,0,0,11,0,0,0,0,0,0,0,0,0,0,0,0,574,812,2404,486,0,831,0,0,5118,4/15/2024,4/15/2024,"Apr15,2024",AUC,AUC_Hybrid_IN USD Mn
"AUC as on April 15, 2024",IN USD Mn,Total,58606,36901,12272,17258,13591,23236,29348,737,47130,230049,401,45014,70778,1488,24504,72287,29142,36225,18920,16992,27951,25449,2385,217,840880,4/15/2024,4/15/2024,"Apr15,2024",AUC,AUC_Total_IN USD Mn
"Net Investment April 01-15, 2024",IN INR Cr.,Equity,1679,1228,373,827,-704,-1624,1713,17,-4351,3212,-4,61,-4658,-127,279,-923,373,5143,616,746,0,1659,-134,6,5408,4/15/2024,4/15/2024,"Apr15,2024",Net Investment,Net Investment_Equity_IN INR Cr.
"Net Investment April 01-15, 2024",IN INR Cr.,Debt,-1,0,0,5,1250,0,0,0,0,138,0,0,0,0,0,0,4841,0,0,0,-6477,0,0,0,-244,4/15/2024,4/15/2024,"Apr15,2024",Net Investment,Net Investment_Debt_IN INR Cr.
"Net Investment April 01-15, 2024",IN INR Cr.,Debt VRR,0,0,0,0,0,0,0,0,0,859,0,0,0,0,-1500,0,1533,0,0,0,1081,0,0,0,1973,4/15/2024,4/15/2024,"Apr15,2024",Net Investment,Net Investment_Debt VRR_IN INR Cr.
"Net Investment April 01-15, 2024",IN INR Cr.,Hybrid,0,0,0,-4,0,0,0,0,0,0,0,0,0,0,0,0,0,29,53,-4,0,0,0,0,74,4/15/2024,4/15/2024,"Apr15,2024",Net Investment,Net Investment_Hybrid_IN INR Cr.
"Net Investment April 01-15, 2024",IN INR Cr.,Total,1678,1228,373,828,546,-1624,1713,17,-4351,4209,-4,61,-4658,-127,-1221,-923,6747,5172,669,742,-5396,1659,-134,6,7211,4/15/2024,4/15/2024,"Apr15,2024",Net Investment,Net Investment_Total_IN INR Cr.
"Net Investment April 01-15, 2024",IN USD Mn,Equity,201,147,45,99,-84,-195,205,2,-521,385,-1,7,-558,-15,33,-111,44,617,74,89,0,199,-16,1,648,4/15/2024,4/15/2024,"Apr15,2024",Net Investment,Net Investment_Equity_IN USD Mn
"Net Investment April 01-15, 2024",IN USD Mn,Debt,0,0,0,1,150,0,0,0,0,17,0,0,0,0,0,0,580,0,0,0,-776,0,0,0,-29,4/15/2024,4/15/2024,"Apr15,2024",Net Investment,Net Investment_Debt_IN USD Mn
"Net Investment April 01-15, 2024",IN USD Mn,Debt VRR,0,0,0,0,0,0,0,0,0,103,0,0,0,0,-180,0,184,0,0,0,130,0,0,0,236,4/15/2024,4/15/2024,"Apr15,2024",Net Investment,Net Investment_Debt VRR_IN USD Mn
"Net Investment April 01-15, 2024",IN USD Mn,Hybrid,0,0,0,-1,0,0,0,0,0,0,0,0,0,0,0,0,0,4,6,0,0,0,0,0,9,4/15/2024,4/15/2024,"Apr15,2024",Net Investment,Net Investment_Hybrid_IN USD Mn
"Net Investment April 01-15, 2024",IN USD Mn,Total,201,147,45,99,66,-195,205,2,-521,505,-1,7,-558,-15,-147,-111,808,621,80,89,-646,199,-16,1,864,4/15/2024,4/15/2024,"Apr15,2024",Net Investment,Net Investment_Total_IN USD Mn
"Net Investment April 16-30, 2024",IN INR Cr.,Equity,-560,2408,405,-547,-224,-111,-386,36,-3563,-12550,24,-768,-4915,73,-520,-1443,1348,-834,-662,1764,0,6619,383,-57,-14079,4/30/2024,4/30/2024,"Apr30,2024",Net Investment,Net Investment_Equity_IN INR Cr.
"Net Investment April 16-30, 2024",IN INR Cr.,Debt,0,0,0,0,0,0,0,0,0,-738,0,0,0,0,0,0,-1987,-41,0,-8,-7844,-87,0,0,-10705,4/30/2024,4/30/2024,"Apr30,2024",Net Investment,Net Investment_Debt_IN INR Cr.
"Net Investment April 16-30, 2024",IN INR Cr.,Debt VRR,0,0,0,0,0,0,0,0,0,726,0,0,0,0,0,0,1410,-5,0,0,-837,0,0,0,1294,4/30/2024,4/30/2024,"Apr30,2024",Net Investment,Net Investment_Debt VRR_IN INR Cr.
"Net Investment April 16-30, 2024",IN INR Cr.,Hybrid,0,0,0,-10,0,0,0,0,0,0,0,0,0,0,0,0,0,-7,49,-12,0,0,0,0,20,4/30/2024,4/30/2024,"Apr30,2024",Net Investment,Net Investment_Hybrid_IN INR Cr.
"Net Investment April 16-30, 2024",IN INR Cr.,Total,-560,2408,405,-557,-224,-111,-386,36,-3563,-12562,24,-768,-4915,73,-520,-1443,771,-887,-613,1744,-8681,6532,383,-57,-23470,4/30/2024,4/30/2024,"Apr30,2024",Net Investment,Net Investment_Total_IN INR Cr.
"Net Investment April 16-30, 2024",IN USD Mn,Equity,-67,288,48,-66,-27,-13,-46,4,-427,-1503,3,-92,-588,9,-62,-173,162,-100,-79,211,0,792,45,-7,-1686,4/30/2024,4/30/2024,"Apr30,2024",Net Investment,Net Investment_Equity_IN USD Mn
"Net Investment April 16-30, 2024",IN USD Mn,Debt,0,0,0,0,0,0,0,0,0,-88,0,0,0,0,0,0,-238,-5,0,-1,-939,-10,0,0,-1282,4/30/2024,4/30/2024,"Apr30,2024",Net Investment,Net Investment_Debt_IN USD Mn
"Net Investment April 16-30, 2024",IN USD Mn,Debt VRR,0,0,0,0,0,0,0,0,0,87,0,0,0,0,0,0,169,-1,0,0,-100,0,0,0,155,4/30/2024,4/30/2024,"Apr30,2024",Net Investment,Net Investment_Debt VRR_IN USD Mn
"Net Investment April 16-30, 2024",IN USD Mn,Hybrid,0,0,0,-1,0,0,0,0,0,0,0,0,0,0,0,0,0,-1,6,-1,0,0,0,0,2,4/30/2024,4/30/2024,"Apr30,2024",Net Investment,Net Investment_Hybrid_IN USD Mn
"Net Investment April 16-30, 2024",IN USD Mn,Total,-67,288,48,-67,-27,-13,-46,4,-427,-1504,3,-92,-588,9,-62,-173,93,-107,-73,209,-1039,782,45,-7,-2811,4/30/2024,4/30/2024,"Apr30,2024",Net Investment,Net Investment_Total_IN USD Mn
"AUC as on April 30, 2024",IN INR Cr.,Equity,507247,329054,105526,144517,115258,199567,250517,6406,400346,1930820,3219,377756,563600,12797,209767,605043,23348,305933,140263,145255,0,229378,20240,1824,6627680,4/30/2024,4/30/2024,"Apr30,2024",AUC,AUC_Equity_IN INR Cr.
"AUC as on April 30, 2024",IN INR Cr.,Debt,163,771,0,418,1275,0,1109,168,133,21065,467,183,0,0,71,439,79398,3519,190,1048,221238,193,460,100,332408,4/30/2024,4/30/2024,"Apr30,2024",AUC,AUC_Debt_IN INR Cr.
"AUC as on April 30, 2024",IN INR Cr.,Debt VRR,11,29,615,0,60,0,1086,0,285,13046,0,0,361,82,0,0,134483,100,694,0,1672,0,0,0,152524,4/30/2024,4/30/2024,"Apr30,2024",AUC,AUC_Debt VRR_IN INR Cr.
"AUC as on April 30, 2024",IN INR Cr.,Hybrid,0,0,0,80,0,0,0,0,0,0,0,0,0,0,0,0,4793,6863,20442,4057,0,6934,0,0,43170,4/30/2024,4/30/2024,"Apr30,2024",AUC,AUC_Hybrid_IN INR Cr.
"AUC as on April 30, 2024",IN INR Cr.,Total,507421,329854,106141,145015,116593,199567,252712,6574,400764,1964931,3686,377939,563961,12879,209838,605482,242022,316415,161589,150360,222910,236505,20700,1924,7155782,4/30/2024,4/30/2024,"Apr30,2024",AUC,AUC_Total_IN INR Cr.
"AUC as on April 30, 2024",IN USD Mn,Equity,60734,39399,12635,17304,13800,23895,29995,767,47935,231184,385,45230,67482,1532,25116,72444,2796,36631,16794,17392,0,27464,2423,218,793556,4/30/2024,4/30/2024,"Apr30,2024",AUC,AUC_Equity_IN USD Mn
"AUC as on April 30, 2024",IN USD Mn,Debt,19,92,0,50,153,0,133,20,16,2522,56,22,0,0,8,53,9507,421,23,125,26490,23,55,12,39800,4/30/2024,4/30/2024,"Apr30,2024",AUC,AUC_Debt_IN USD Mn
"AUC as on April 30, 2024",IN USD Mn,Debt VRR,1,4,74,0,7,0,130,0,34,1562,0,0,43,10,0,0,16102,12,83,0,200,0,0,0,18262,4/30/2024,4/30/2024,"Apr30,2024",AUC,AUC_Debt VRR_IN USD Mn
"AUC as on April 30, 2024",IN USD Mn,Hybrid,0,0,0,10,0,0,0,0,0,0,0,0,0,0,0,0,574,822,2448,486,0,830,0,0,5169,4/30/2024,4/30/2024,"Apr30,2024",AUC,AUC_Hybrid_IN USD Mn
"AUC as on April 30, 2024",IN USD Mn,Total,60754,39495,12709,17364,13960,23895,30258,787,47985,235268,441,45252,67525,1542,25124,72497,28979,37886,19348,18003,26690,28317,2478,230,856787,4/30/2024,4/30/2024,"Apr30,2024",AUC,AUC_Total_IN USD Mn
"AUC as on April 30, 2024",IN INR Cr.,Equity,507247,329054,105526,144517,115258,199567,250517,6406,400346,1930820,3219,377756,563600,12797,209767,605043,23348,305933,140263,145255,0,229378,20240,1824,6627680,4/30/2024,4/30/2024,"Apr30,2024",AUC,AUC_Equity_IN INR Cr.
"AUC as on April 30, 2024",IN INR Cr.,Debt,163,771,0,418,1275,0,1109,168,133,21065,467,183,0,0,71,439,79398,3519,190,1048,221238,193,460,100,332408,4/30/2024,4/30/2024,"Apr30,2024",AUC,AUC_Debt_IN INR Cr.
"AUC as on April 30, 2024",IN INR Cr.,Debt VRR,11,29,615,0,60,0,1086,0,285,13046,0,0,361,82,0,0,134483,100,694,0,1672,0,0,0,152524,4/30/2024,4/30/2024,"Apr30,2024",AUC,AUC_Debt VRR_IN INR Cr.
"AUC as on April 30, 2024",IN INR Cr.,Hybrid,0,0,0,80,0,0,0,0,0,0,0,0,0,0,0,0,4793,6863,20442,4057,0,6934,0,0,43170,4/30/2024,4/30/2024,"Apr30,2024",AUC,AUC_Hybrid_IN INR Cr.
"AUC as on April 30, 2024",IN INR Cr.,Total,507421,329854,106141,145015,116593,199567,252712,6574,400764,1964931,3686,377939,563961,12879,209838,605482,242022,316415,161589,150360,222910,236505,20700,1924,7155782,4/30/2024,4/30/2024,"Apr30,2024",AUC,AUC_Total_IN INR Cr.
"AUC as on April 30, 2024",IN USD Mn,Equity,60734,39399,12635,17304,13800,23895,29995,767,47935,231184,385,45230,67482,1532,25116,72444,2796,36631,16794,17392,0,27464,2423,218,793556,4/30/2024,4/30/2024,"Apr30,2024",AUC,AUC_Equity_IN USD Mn
"AUC as on April 30, 2024",IN USD Mn,Debt,19,92,0,50,153,0,133,20,16,2522,56,22,0,0,8,53,9507,421,23,125,26490,23,55,12,39800,4/30/2024,4/30/2024,"Apr30,2024",AUC,AUC_Debt_IN USD Mn
"AUC as on April 30, 2024",IN USD Mn,Debt VRR,1,4,74,0,7,0,130,0,34,1562,0,0,43,10,0,0,16102,12,83,0,200,0,0,0,18262,4/30/2024,4/30/2024,"Apr30,2024",AUC,AUC_Debt VRR_IN USD Mn
"AUC as on April 30, 2024",IN USD Mn,Hybrid,0,0,0,10,0,0,0,0,0,0,0,0,0,0,0,0,574,822,2448,486,0,830,0,0,5169,4/30/2024,4/30/2024,"Apr30,2024",AUC,AUC_Hybrid_IN USD Mn
"AUC as on April 30, 2024",IN USD Mn,Total,60754,39495,12709,17364,13960,23895,30258,787,47985,235268,441,45252,67525,1542,25124,72497,28979,37886,19348,18003,26690,28317,2478,230,856787,4/30/2024,4/30/2024,"Apr30,2024",AUC,AUC_Total_IN USD Mn
"Net Investment April 16-30, 2024",IN INR Cr.,Equity,-560,2408,405,-547,-224,-111,-386,36,-3563,-12550,24,-768,-4915,73,-520,-1443,1348,-834,-662,1764,0,6619,383,-57,-14079,4/30/2024,4/30/2024,"Apr30,2024",Net Investment,Net Investment_Equity_IN INR Cr.
"Net Investment April 16-30, 2024",IN INR Cr.,Debt,0,0,0,0,0,0,0,0,0,-738,0,0,0,0,0,0,-1987,-41,0,-8,-7844,-87,0,0,-10705,4/30/2024,4/30/2024,"Apr30,2024",Net Investment,Net Investment_Debt_IN INR Cr.
"Net Investment April 16-30, 2024",IN INR Cr.,Debt VRR,0,0,0,0,0,0,0,0,0,726,0,0,0,0,0,0,1410,-5,0,0,-837,0,0,0,1294,4/30/2024,4/30/2024,"Apr30,2024",Net Investment,Net Investment_Debt VRR_IN INR Cr.
"Net Investment April 16-30, 2024",IN INR Cr.,Hybrid,0,0,0,-10,0,0,0,0,0,0,0,0,0,0,0,0,0,-7,49,-12,0,0,0,0,20,4/30/2024,4/30/2024,"Apr30,2024",Net Investment,Net Investment_Hybrid_IN INR Cr.
"Net Investment April 16-30, 2024",IN INR Cr.,Total,-560,2408,405,-557,-224,-111,-386,36,-3563,-12562,24,-768,-4915,73,-520,-1443,771,-887,-613,1744,-8681,6532,383,-57,-23470,4/30/2024,4/30/2024,"Apr30,2024",Net Investment,Net Investment_Total_IN INR Cr.
"Net Investment April 16-30, 2024",IN USD Mn,Equity,-67,288,48,-66,-27,-13,-46,4,-427,-1503,3,-92,-588,9,-62,-173,162,-100,-79,211,0,792,45,-7,-1686,4/30/2024,4/30/2024,"Apr30,2024",Net Investment,Net Investment_Equity_IN USD Mn
"Net Investment April 16-30, 2024",IN USD Mn,Debt,0,0,0,0,0,0,0,0,0,-88,0,0,0,0,0,0,-238,-5,0,-1,-939,-10,0,0,-1282,4/30/2024,4/30/2024,"Apr30,2024",Net Investment,Net Investment_Debt_IN USD Mn
"Net Investment April 16-30, 2024",IN USD Mn,Debt VRR,0,0,0,0,0,0,0,0,0,87,0,0,0,0,0,0,169,-1,0,0,-100,0,0,0,155,4/30/2024,4/30/2024,"Apr30,2024",Net Investment,Net Investment_Debt VRR_IN USD Mn
"Net Investment April 16-30, 2024",IN USD Mn,Hybrid,0,0,0,-1,0,0,0,0,0,0,0,0,0,0,0,0,0,-1,6,-1,0,0,0,0,2,4/30/2024,4/30/2024,"Apr30,2024",Net Investment,Net Investment_Hybrid_IN USD Mn
"Net Investment April 16-30, 2024",IN USD Mn,Total,-67,288,48,-67,-27,-13,-46,4,-427,-1504,3,-92,-588,9,-62,-173,93,-107,-73,209,-1039,782,45,-7,-2811,4/30/2024,4/30/2024,"Apr30,2024",Net Investment,Net Investment_Total_IN USD Mn
"Net Investment May 01-15, 2024",IN INR Cr.,Equity,-706,376,-96,-3811,-802,-659,733,60,-1158,-9687,68,172,-5574,-59,-735,-2808,180,-792,233,-99,0,-272,98,60,-25280,5/15/2024,5/15/2024,"May15,2024",Net Investment,Net Investment_Equity_IN INR Cr.
"Net Investment May 01-15, 2024",IN INR Cr.,Debt,0,0,0,0,0,0,0,0,0,-908,0,0,0,0,0,0,226,-51,-1,0,-1313,0,0,0,-2046,5/15/2024,5/15/2024,"May15,2024",Net Investment,Net Investment_Debt_IN INR Cr.
"Net Investment May 01-15, 2024",IN INR Cr.,Debt VRR,0,0,0,0,0,0,-416,0,0,-177,0,0,0,-15,0,0,1607,0,0,0,-177,0,0,0,823,5/15/2024,5/15/2024,"May15,2024",Net Investment,Net Investment_Debt VRR_IN INR Cr.
"Net Investment May 01-15, 2024",IN INR Cr.,Hybrid,0,0,0,-6,0,0,0,0,0,0,0,0,0,0,0,0,0,-6,-128,-11,0,0,0,0,-150,5/15/2024,5/15/2024,"May15,2024",Net Investment,Net Investment_Hybrid_IN INR Cr.
"Net Investment May 01-15, 2024",IN INR Cr.,Total,-706,376,-96,-3817,-802,-659,317,60,-1158,-10772,68,172,-5574,-74,-735,-2808,2013,-849,104,-110,-1490,-272,98,60,-26653,5/15/2024,5/15/2024,"May15,2024",Net Investment,Net Investment_Total_IN INR Cr.
"Net Investment May 01-15, 2024",IN USD Mn,Equity,-85,45,-11,-456,-96,-79,88,7,-139,-1160,8,21,-667,-7,-88,-336,22,-95,28,-12,0,-33,12,7,-3027,5/15/2024,5/15/2024,"May15,2024",Net Investment,Net Investment_Equity_IN USD Mn
"Net Investment May 01-15, 2024",IN USD Mn,Debt,0,0,0,0,0,0,0,0,0,-109,0,0,0,0,0,0,27,-6,0,0,-157,0,0,0,-245,5/15/2024,5/15/2024,"May15,2024",Net Investment,Net Investment_Debt_IN USD Mn
"Net Investment May 01-15, 2024",IN USD Mn,Debt VRR,0,0,0,0,0,0,-50,0,0,-21,0,0,0,-2,0,0,192,0,0,0,-21,0,0,0,99,5/15/2024,5/15/2024,"May15,2024",Net Investment,Net Investment_Debt VRR_IN USD Mn
"Net Investment May 01-15, 2024",IN USD Mn,Hybrid,0,0,0,-1,0,0,0,0,0,0,0,0,0,0,0,0,0,-1,-15,-1,0,0,0,0,-18,5/15/2024,5/15/2024,"May15,2024",Net Investment,Net Investment_Hybrid_IN USD Mn
"Net Investment May 01-15, 2024",IN USD Mn,Total,-85,45,-11,-457,-96,-79,38,7,-139,-1290,8,21,-667,-9,-88,-336,241,-102,13,-13,-178,-33,12,7,-3191,5/15/2024,5/15/2024,"May15,2024",Net Investment,Net Investment_Total_IN USD Mn
"AUC as on May 15, 2024",IN INR Cr.,Equity,513478,349516,101643,134689,112149,192396,250079,5888,403890,1846342,3136,374931,557013,12089,212099,584631,31993,307533,138643,147492,0,227512,20427,1773,6529339,5/15/2024,5/15/2024,"May15,2024",AUC,AUC_Equity_IN INR Cr.
"AUC as on May 15, 2024",IN INR Cr.,Debt,163,771,0,418,1275,0,1109,168,133,20503,467,183,0,0,71,439,79186,3469,189,1048,219421,193,460,100,329765,5/15/2024,5/15/2024,"May15,2024",AUC,AUC_Debt_IN INR Cr.
"AUC as on May 15, 2024",IN INR Cr.,Debt VRR,11,29,615,0,60,0,670,0,285,12721,0,0,361,75,0,0,136033,100,694,0,1497,0,0,0,153152,5/15/2024,5/15/2024,"May15,2024",AUC,AUC_Debt VRR_IN INR Cr.
"AUC as on May 15, 2024",IN INR Cr.,Hybrid,0,0,0,74,0,0,0,0,0,0,0,0,0,0,0,0,4793,6818,19607,4013,0,9715,0,0,45019,5/15/2024,5/15/2024,"May15,2024",AUC,AUC_Hybrid_IN INR Cr.
"AUC as on May 15, 2024",IN INR Cr.,Total,513652,350316,102258,135181,113484,192396,251858,6056,404308,1879566,3603,375114,557374,12164,212170,585070,252005,317920,159133,152553,220918,237420,20887,1873,7057275,5/15/2024,5/15/2024,"May15,2024",AUC,AUC_Total_IN INR Cr.
"AUC as on May 15, 2024",IN USD Mn,Equity,61488,41854,12171,16129,13430,23039,29946,705,48365,221094,375,44897,66701,1448,25398,70008,3831,36826,16602,17662,0,27244,2446,212,781871,5/15/2024,5/15/2024,"May15,2024",AUC,AUC_Equity_IN USD Mn
"AUC as on May 15, 2024",IN USD Mn,Debt,19,92,0,50,153,0,133,20,16,2455,56,22,0,0,8,53,9482,415,23,125,26275,23,55,12,39488,5/15/2024,5/15/2024,"May15,2024",AUC,AUC_Debt_IN USD Mn
"AUC as on May 15, 2024",IN USD Mn,Debt VRR,1,4,74,0,7,0,80,0,34,1523,0,0,43,9,0,0,16290,12,83,0,179,0,0,0,18339,5/15/2024,5/15/2024,"May15,2024",AUC,AUC_Debt VRR_IN USD Mn
"AUC as on May 15, 2024",IN USD Mn,Hybrid,0,0,0,9,0,0,0,0,0,0,0,0,0,0,0,0,574,816,2348,481,0,1163,0,0,5391,5/15/2024,5/15/2024,"May15,2024",AUC,AUC_Hybrid_IN USD Mn
"AUC as on May 15, 2024",IN USD Mn,Total,61508,41950,12245,16188,13590,23039,30159,725,48415,225072,431,44919,66744,1457,25406,70061,30177,38069,19056,18268,26454,28430,2501,224,845089,5/15/2024,5/15/2024,"May15,2024",AUC,AUC_Total_IN USD Mn
"AUC as on May 15, 2024",IN INR Cr.,Equity,513478,349516,101643,134689,112149,192396,250079,5888,403890,1846342,3136,374931,557013,12089,212099,584631,31993,307533,138643,147492,0,227512,20427,1773,6529339,5/15/2024,5/15/2024,"May15,2024",AUC,AUC_Equity_IN INR Cr.
"AUC as on May 15, 2024",IN INR Cr.,Debt,163,771,0,418,1275,0,1109,168,133,20503,467,183,0,0,71,439,79186,3469,189,1048,219421,193,460,100,329765,5/15/2024,5/15/2024,"May15,2024",AUC,AUC_Debt_IN INR Cr.
"AUC as on May 15, 2024",IN INR Cr.,Debt VRR,11,29,615,0,60,0,670,0,285,12721,0,0,361,75,0,0,136033,100,694,0,1497,0,0,0,153152,5/15/2024,5/15/2024,"May15,2024",AUC,AUC_Debt VRR_IN INR Cr.
"AUC as on May 15, 2024",IN INR Cr.,Hybrid,0,0,0,74,0,0,0,0,0,0,0,0,0,0,0,0,4793,6818,19607,4013,0,9715,0,0,45019,5/15/2024,5/15/2024,"May15,2024",AUC,AUC_Hybrid_IN INR Cr.
"AUC as on May 15, 2024",IN INR Cr.,Total,513652,350316,102258,135181,113484,192396,251858,6056,404308,1879566,3603,375114,557374,12164,212170,585070,252005,317920,159133,152553,220918,237420,20887,1873,7057275,5/15/2024,5/15/2024,"May15,2024",AUC,AUC_Total_IN INR Cr.
"AUC as on May 15, 2024",IN USD Mn,Equity,61488,41854,12171,16129,13430,23039,29946,705,48365,221094,375,44897,66701,1448,25398,70008,3831,36826,16602,17662,0,27244,2446,212,781871,5/15/2024,5/15/2024,"May15,2024",AUC,AUC_Equity_IN USD Mn
"AUC as on May 15, 2024",IN USD Mn,Debt,19,92,0,50,153,0,133,20,16,2455,56,22,0,0,8,53,9482,415,23,125,26275,23,55,12,39488,5/15/2024,5/15/2024,"May15,2024",AUC,AUC_Debt_IN USD Mn
"AUC as on May 15, 2024",IN USD Mn,Debt VRR,1,4,74,0,7,0,80,0,34,1523,0,0,43,9,0,0,16290,12,83,0,179,0,0,0,18339,5/15/2024,5/15/2024,"May15,2024",AUC,AUC_Debt VRR_IN USD Mn
"AUC as on May 15, 2024",IN USD Mn,Hybrid,0,0,0,9,0,0,0,0,0,0,0,0,0,0,0,0,574,816,2348,481,0,1163,0,0,5391,5/15/2024,5/15/2024,"May15,2024",AUC,AUC_Hybrid_IN USD Mn
"AUC as on May 15, 2024",IN USD Mn,Total,61508,41950,12245,16188,13590,23039,30159,725,48415,225072,431,44919,66744,1457,25406,70061,30177,38069,19056,18268,26454,28430,2501,224,845089,5/15/2024,5/15/2024,"May15,2024",AUC,AUC_Total_IN USD Mn
"Net Investment May 01-15, 2024",IN INR Cr.,Equity,-706,376,-96,-3811,-802,-659,733,60,-1158,-9687,68,172,-5574,-59,-735,-2808,180,-792,233,-99,0,-272,98,60,-25280,5/15/2024,5/15/2024,"May15,2024",Net Investment,Net Investment_Equity_IN INR Cr.
"Net Investment May 01-15, 2024",IN INR Cr.,Debt,0,0,0,0,0,0,0,0,0,-908,0,0,0,0,0,0,226,-51,-1,0,-1313,0,0,0,-2046,5/15/2024,5/15/2024,"May15,2024",Net Investment,Net Investment_Debt_IN INR Cr.
"Net Investment May 01-15, 2024",IN INR Cr.,Debt VRR,0,0,0,0,0,0,-416,0,0,-177,0,0,0,-15,0,0,1607,0,0,0,-177,0,0,0,823,5/15/2024,5/15/2024,"May15,2024",Net Investment,Net Investment_Debt VRR_IN INR Cr.
"Net Investment May 01-15, 2024",IN INR Cr.,Hybrid,0,0,0,-6,0,0,0,0,0,0,0,0,0,0,0,0,0,-6,-128,-11,0,0,0,0,-150,5/15/2024,5/15/2024,"May15,2024",Net Investment,Net Investment_Hybrid_IN INR Cr.
"Net Investment May 01-15, 2024",IN INR Cr.,Total,-706,376,-96,-3817,-802,-659,317,60,-1158,-10772,68,172,-5574,-74,-735,-2808,2013,-849,104,-110,-1490,-272,98,60,-26653,5/15/2024,5/15/2024,"May15,2024",Net Investment,Net Investment_Total_IN INR Cr.
"Net Investment May 01-15, 2024",IN USD Mn,Equity,-85,45,-11,-456,-96,-79,88,7,-139,-1160,8,21,-667,-7,-88,-336,22,-95,28,-12,0,-33,12,7,-3027,5/15/2024,5/15/2024,"May15,2024",Net Investment,Net Investment_Equity_IN USD Mn
"Net Investment May 01-15, 2024",IN USD Mn,Debt,0,0,0,0,0,0,0,0,0,-109,0,0,0,0,0,0,27,-6,0,0,-157,0,0,0,-245,5/15/2024,5/15/2024,"May15,2024",Net Investment,Net Investment_Debt_IN USD Mn
"Net Investment May 01-15, 2024",IN USD Mn,Debt VRR,0,0,0,0,0,0,-50,0,0,-21,0,0,0,-2,0,0,192,0,0,0,-21,0,0,0,99,5/15/2024,5/15/2024,"May15,2024",Net Investment,Net Investment_Debt VRR_IN USD Mn
"Net Investment May 01-15, 2024",IN USD Mn,Hybrid,0,0,0,-1,0,0,0,0,0,0,0,0,0,0,0,0,0,-1,-15,-1,0,0,0,0,-18,5/15/2024,5/15/2024,"May15,2024",Net Investment,Net Investment_Hybrid_IN USD Mn
"Net Investment May 01-15, 2024",IN USD Mn,Total,-85,45,-11,-457,-96,-79,38,7,-139,-1290,8,21,-667,-9,-88,-336,241,-102,13,-13,-178,-33,12,7,-3191,5/15/2024,5/15/2024,"May15,2024",Net Investment,Net Investment_Total_IN USD Mn
"Net Investment May 16-31, 2024",IN INR Cr.,Equity,-3323,5648,568,1125,-456,-102,2026,-9,-3015,1104,66,-11,-228,-85,-218,-2746,15,-2250,1114,-885,0,1378,-3,-19,-306,5/31/2024,5/31/2024,"May31,2024",Net Investment,Net Investment_Equity_IN INR Cr.
"Net Investment May 16-31, 2024",IN INR Cr.,Debt,0,0,0,-113,0,0,0,0,0,306,-10,75,0,0,1250,0,824,-6,0,0,8481,0,0,0,10807,5/31/2024,5/31/2024,"May31,2024",Net Investment,Net Investment_Debt_IN INR Cr.
"Net Investment May 16-31, 2024",IN INR Cr.,Debt VRR,0,0,0,0,321,0,0,0,0,1285,0,0,0,0,0,0,1907,0,0,0,-52,0,0,0,3461,5/31/2024,5/31/2024,"May31,2024",Net Investment,Net Investment_Debt VRR_IN INR Cr.
"Net Investment May 16-31, 2024",IN INR Cr.,Hybrid,0,0,0,-2,0,0,0,0,0,0,0,0,0,0,0,0,0,2,-214,-4,0,0,0,0,-218,5/31/2024,5/31/2024,"May31,2024",Net Investment,Net Investment_Hybrid_IN INR Cr.
"Net Investment May 16-31, 2024",IN INR Cr.,Total,-3323,5648,568,1010,-135,-102,2026,-9,-3015,2695,56,64,-228,-85,1032,-2746,2746,-2254,900,-889,8429,1378,-3,-19,13744,5/31/2024,5/31/2024,"May31,2024",Net Investment,Net Investment_Total_IN INR Cr.
"Net Investment May 16-31, 2024",IN USD Mn,Equity,-399,678,68,135,-55,-12,243,-1,-362,133,8,-1,-27,-10,-26,-330,1,-270,134,-106,0,165,0,-2,-37,5/31/2024,5/31/2024,"May31,2024",Net Investment,Net Investment_Equity_IN USD Mn
"Net Investment May 16-31, 2024",IN USD Mn,Debt,0,0,0,-14,0,0,0,0,0,37,-1,9,0,0,150,0,99,-1,0,0,1018,0,0,0,1297,5/31/2024,5/31/2024,"May31,2024",Net Investment,Net Investment_Debt_IN USD Mn
"Net Investment May 16-31, 2024",IN USD Mn,Debt VRR,0,0,0,0,38,0,0,0,0,154,0,0,0,0,0,0,229,0,0,0,-6,0,0,0,415,5/31/2024,5/31/2024,"May31,2024",Net Investment,Net Investment_Debt VRR_IN USD Mn
"Net Investment May 16-31, 2024",IN USD Mn,Hybrid,0,0,0,0,0,0,0,0,0,0,0,0,0,0,0,0,0,0,-26,0,0,0,0,0,-26,5/31/2024,5/31/2024,"May31,2024",Net Investment,Net Investment_Hybrid_IN USD Mn
"Net Investment May 16-31, 2024",IN USD Mn,Total,-399,678,68,121,-17,-12,243,-1,-362,324,7,8,-27,-10,124,-330,329,-271,108,-106,1012,165,0,-2,1649,5/31/2024,5/31/2024,"May31,2024",Net Investment,Net Investment_Total_IN USD Mn
"AUC as on May 31, 2024",IN INR Cr.,Equity,523996,375815,100951,146151,112786,197892,243750,5995,397024,1896907,3209,369812,542783,12621,222899,589641,24290,317445,147421,147341,0,239560,20543,1776,6640608,5/31/2024,5/31/2024,"May31,2024",AUC,AUC_Equity_IN INR Cr.
"AUC as on May 31, 2024",IN INR Cr.,Debt,163,771,0,305,1275,0,1109,168,133,20575,458,258,0,0,1321,438,79728,3464,189,1048,228326,194,460,100,340482,5/31/2024,5/31/2024,"May31,2024",AUC,AUC_Debt_IN INR Cr.
"AUC as on May 31, 2024",IN INR Cr.,Debt VRR,10,29,615,0,380,0,670,0,285,14414,0,0,361,75,0,0,140953,100,681,0,1447,0,0,0,160021,5/31/2024,5/31/2024,"May31,2024",AUC,AUC_Debt VRR_IN INR Cr.
"AUC as on May 31, 2024",IN INR Cr.,Hybrid,0,0,0,73,0,0,0,0,0,0,0,0,0,0,0,0,4793,6678,19568,3999,0,11233,0,0,46344,5/31/2024,5/31/2024,"May31,2024",AUC,AUC_Hybrid_IN INR Cr.
"AUC as on May 31, 2024",IN INR Cr.,Total,524169,376615,101566,146529,114441,197892,245529,6163,397442,1931896,3667,370070,543144,12696,224220,590079,249764,327687,167859,152388,229773,250987,21003,1876,7187455,5/31/2024,5/31/2024,"May31,2024",AUC,AUC_Total_IN INR Cr.
"AUC as on May 31, 2024",IN USD Mn,Equity,62906,45117,12119,17545,13540,23757,29262,720,47663,227723,385,44396,65161,1515,26759,70786,2916,38109,17698,17688,0,28759,2466,213,797203,5/31/2024,5/31/2024,"May31,2024",AUC,AUC_Equity_IN USD Mn
"AUC as on May 31, 2024",IN USD Mn,Debt,20,93,0,37,153,0,133,20,16,2470,55,31,0,0,159,53,9571,416,23,126,27410,23,55,12,40875,5/31/2024,5/31/2024,"May31,2024",AUC,AUC_Debt_IN USD Mn
"AUC as on May 31, 2024",IN USD Mn,Debt VRR,1,4,74,0,46,0,80,0,34,1730,0,0,43,9,0,0,16921,12,82,0,174,0,0,0,19210,5/31/2024,5/31/2024,"May31,2024",AUC,AUC_Debt VRR_IN USD Mn
"AUC as on May 31, 2024",IN USD Mn,Hybrid,0,0,0,9,0,0,0,0,0,0,0,0,0,0,0,0,575,802,2349,480,0,1349,0,0,5564,5/31/2024,5/31/2024,"May31,2024",AUC,AUC_Hybrid_IN USD Mn
"AUC as on May 31, 2024",IN USD Mn,Total,62927,45214,12193,17591,13739,23757,29475,740,47713,231923,440,44427,65204,1524,26918,70839,29983,39339,20152,18294,27584,30131,2521,225,862852,5/31/2024,5/31/2024,"May31,2024",AUC,AUC_Total_IN USD Mn
"AUC as on May 31, 2024",IN INR Cr.,Equity,523996,375815,100951,146151,112786,197892,243750,5995,397024,1896907,3209,369812,542783,12621,222899,589641,24290,317445,147421,147341,0,239560,20543,1776,6640608,5/31/2024,5/31/2024,"May31,2024",AUC,AUC_Equity_IN INR Cr.
"AUC as on May 31, 2024",IN INR Cr.,Debt,163,771,0,305,1275,0,1109,168,133,20575,458,258,0,0,1321,438,79728,3464,189,1048,228326,194,460,100,340482,5/31/2024,5/31/2024,"May31,2024",AUC,AUC_Debt_IN INR Cr.
"AUC as on May 31, 2024",IN INR Cr.,Debt VRR,10,29,615,0,380,0,670,0,285,14414,0,0,361,75,0,0,140953,100,681,0,1447,0,0,0,160021,5/31/2024,5/31/2024,"May31,2024",AUC,AUC_Debt VRR_IN INR Cr.
"AUC as on May 31, 2024",IN INR Cr.,Hybrid,0,0,0,73,0,0,0,0,0,0,0,0,0,0,0,0,4793,6678,19568,3999,0,11233,0,0,46344,5/31/2024,5/31/2024,"May31,2024",AUC,AUC_Hybrid_IN INR Cr.
"AUC as on May 31, 2024",IN INR Cr.,Total,524169,376615,101566,146529,114441,197892,245529,6163,397442,1931896,3667,370070,543144,12696,224220,590079,249764,327687,167859,152388,229773,250987,21003,1876,7187455,5/31/2024,5/31/2024,"May31,2024",AUC,AUC_Total_IN INR Cr.
"AUC as on May 31, 2024",IN USD Mn,Equity,62906,45117,12119,17545,13540,23757,29262,720,47663,227723,385,44396,65161,1515,26759,70786,2916,38109,17698,17688,0,28759,2466,213,797203,5/31/2024,5/31/2024,"May31,2024",AUC,AUC_Equity_IN USD Mn
"AUC as on May 31, 2024",IN USD Mn,Debt,20,93,0,37,153,0,133,20,16,2470,55,31,0,0,159,53,9571,416,23,126,27410,23,55,12,40875,5/31/2024,5/31/2024,"May31,2024",AUC,AUC_Debt_IN USD Mn
"AUC as on May 31, 2024",IN USD Mn,Debt VRR,1,4,74,0,46,0,80,0,34,1730,0,0,43,9,0,0,16921,12,82,0,174,0,0,0,19210,5/31/2024,5/31/2024,"May31,2024",AUC,AUC_Debt VRR_IN USD Mn
"AUC as on May 31, 2024",IN USD Mn,Hybrid,0,0,0,9,0,0,0,0,0,0,0,0,0,0,0,0,575,802,2349,480,0,1349,0,0,5564,5/31/2024,5/31/2024,"May31,2024",AUC,AUC_Hybrid_IN USD Mn
"AUC as on May 31, 2024",IN USD Mn,Total,62927,45214,12193,17591,13739,23757,29475,740,47713,231923,440,44427,65204,1524,26918,70839,29983,39339,20152,18294,27584,30131,2521,225,862852,5/31/2024,5/31/2024,"May31,2024",AUC,AUC_Total_IN USD Mn
"Net Investment May 16-31, 2024",IN INR Cr.,Equity,-3323,5648,568,1125,-456,-102,2026,-9,-3015,1104,66,-11,-228,-85,-218,-2746,15,-2250,1114,-885,0,1378,-3,-19,-306,5/31/2024,5/31/2024,"May31,2024",Net Investment,Net Investment_Equity_IN INR Cr.
"Net Investment May 16-31, 2024",IN INR Cr.,Debt,0,0,0,-113,0,0,0,0,0,306,-10,75,0,0,1250,0,824,-6,0,0,8481,0,0,0,10807,5/31/2024,5/31/2024,"May31,2024",Net Investment,Net Investment_Debt_IN INR Cr.
"Net Investment May 16-31, 2024",IN INR Cr.,Debt VRR,0,0,0,0,321,0,0,0,0,1285,0,0,0,0,0,0,1907,0,0,0,-52,0,0,0,3461,5/31/2024,5/31/2024,"May31,2024",Net Investment,Net Investment_Debt VRR_IN INR Cr.
"Net Investment May 16-31, 2024",IN INR Cr.,Hybrid,0,0,0,-2,0,0,0,0,0,0,0,0,0,0,0,0,0,2,-214,-4,0,0,0,0,-218,5/31/2024,5/31/2024,"May31,2024",Net Investment,Net Investment_Hybrid_IN INR Cr.
"Net Investment May 16-31, 2024",IN INR Cr.,Total,-3323,5648,568,1010,-135,-102,2026,-9,-3015,2695,56,64,-228,-85,1032,-2746,2746,-2254,900,-889,8429,1378,-3,-19,13744,5/31/2024,5/31/2024,"May31,2024",Net Investment,Net Investment_Total_IN INR Cr.
"Net Investment May 16-31, 2024",IN USD Mn,Equity,-399,678,68,135,-55,-12,243,-1,-362,133,8,-1,-27,-10,-26,-330,1,-270,134,-106,0,165,0,-2,-37,5/31/2024,5/31/2024,"May31,2024",Net Investment,Net Investment_Equity_IN USD Mn
"Net Investment May 16-31, 2024",IN USD Mn,Debt,0,0,0,-14,0,0,0,0,0,37,-1,9,0,0,150,0,99,-1,0,0,1018,0,0,0,1297,5/31/2024,5/31/2024,"May31,2024",Net Investment,Net Investment_Debt_IN USD Mn
"Net Investment May 16-31, 2024",IN USD Mn,Debt VRR,0,0,0,0,38,0,0,0,0,154,0,0,0,0,0,0,229,0,0,0,-6,0,0,0,415,5/31/2024,5/31/2024,"May31,2024",Net Investment,Net Investment_Debt VRR_IN USD Mn
"Net Investment May 16-31, 2024",IN USD Mn,Hybrid,0,0,0,0,0,0,0,0,0,0,0,0,0,0,0,0,0,0,-26,0,0,0,0,0,-26,5/31/2024,5/31/2024,"May31,2024",Net Investment,Net Investment_Hybrid_IN USD Mn
"Net Investment May 16-31, 2024",IN USD Mn,Total,-399,678,68,121,-17,-12,243,-1,-362,324,7,8,-27,-10,124,-330,329,-271,108,-106,1012,165,0,-2,1649,5/31/2024,5/31/2024,"May31,2024",Net Investment,Net Investment_Total_IN USD Mn
"Net Investment June 01-15, 2024",IN INR Cr.,Equity,-315,-137,923,-2660,302,-953,1607,8,-245,1008,138,413,-2559,-28,-1861,-3683,273,-59,1815,1184,0,1736,48,-19,-3064,6/15/2024,6/15/2024,"Jun15,2024",Net Investment,Net Investment_Equity_IN INR Cr.
"Net Investment June 01-15, 2024",IN INR Cr.,Debt,0,0,0,0,0,0,0,0,-6,280,15,0,0,0,0,-25,-1206,0,0,0,6645,0,0,0,5703,6/15/2024,6/15/2024,"Jun15,2024",Net Investment,Net Investment_Debt_IN INR Cr.
"Net Investment June 01-15, 2024",IN INR Cr.,Debt VRR,0,0,0,0,0,0,0,0,0,161,0,0,0,0,0,0,37,150,0,0,387,0,0,0,735,6/15/2024,6/15/2024,"Jun15,2024",Net Investment,Net Investment_Debt VRR_IN INR Cr.
"Net Investment June 01-15, 2024",IN INR Cr.,Hybrid,0,0,0,14,0,0,0,0,0,0,0,0,0,0,0,0,1387,20,-35,-10,0,0,0,0,1377,6/15/2024,6/15/2024,"Jun15,2024",Net Investment,Net Investment_Hybrid_IN INR Cr.
"Net Investment June 01-15, 2024",IN INR Cr.,Total,-315,-137,923,-2646,302,-953,1607,8,-251,1449,153,413,-2559,-28,-1861,-3708,491,111,1780,1174,7032,1736,48,-19,4751,6/15/2024,6/15/2024,"Jun15,2024",Net Investment,Net Investment_Total_IN INR Cr.
"Net Investment June 01-15, 2024",IN USD Mn,Equity,-38,-16,110,-318,36,-114,192,1,-29,120,17,49,-306,-3,-223,-441,33,-7,217,142,0,208,6,-2,-367,6/15/2024,6/15/2024,"Jun15,2024",Net Investment,Net Investment_Equity_IN USD Mn
"Net Investment June 01-15, 2024",IN USD Mn,Debt,0,0,0,0,0,0,0,0,-1,34,2,0,0,0,0,-3,-144,0,0,0,795,0,0,0,683,6/15/2024,6/15/2024,"Jun15,2024",Net Investment,Net Investment_Debt_IN USD Mn
"Net Investment June 01-15, 2024",IN USD Mn,Debt VRR,0,0,0,0,0,0,0,0,0,19,0,0,0,0,0,0,4,18,0,0,46,0,0,0,88,6/15/2024,6/15/2024,"Jun15,2024",Net Investment,Net Investment_Debt VRR_IN USD Mn
"Net Investment June 01-15, 2024",IN USD Mn,Hybrid,0,0,0,2,0,0,0,0,0,0,0,0,0,0,0,0,166,2,-4,-1,0,0,0,0,165,6/15/2024,6/15/2024,"Jun15,2024",Net Investment,Net Investment_Hybrid_IN USD Mn
"Net Investment June 01-15, 2024",IN USD Mn,Total,-38,-16,110,-316,36,-114,192,1,-30,173,19,49,-306,-3,-223,-444,59,13,213,141,841,208,6,-2,569,6/15/2024,6/15/2024,"Jun15,2024",Net Investment,Net Investment_Total_IN USD Mn
"AUC as on June 15, 2024",IN INR Cr.,Equity,577864,404048,109672,146256,124938,207287,265803,6454,425039,1971419,3838,398071,575037,13760,223803,605270,25535,319583,165073,153606,0,251215,22044,1923,6997537,6/15/2024,6/15/2024,"Jun15,2024",AUC,AUC_Equity_IN INR Cr.
"AUC as on June 15, 2024",IN INR Cr.,Debt,163,771,0,305,1275,0,1109,168,127,20710,458,258,0,0,1291,413,78920,3461,189,1048,233888,193,460,100,345307,6/15/2024,6/15/2024,"Jun15,2024",AUC,AUC_Debt_IN INR Cr.
"AUC as on June 15, 2024",IN INR Cr.,Debt VRR,10,29,615,0,380,0,670,0,285,14575,0,0,361,75,30,0,137074,250,686,0,1837,0,0,0,156877,6/15/2024,6/15/2024,"Jun15,2024",AUC,AUC_Debt VRR_IN INR Cr.
"AUC as on June 15, 2024",IN INR Cr.,Hybrid,0,0,0,86,0,0,0,0,0,0,0,0,0,0,0,0,9530,6701,20091,3987,0,10262,0,0,50658,6/15/2024,6/15/2024,"Jun15,2024",AUC,AUC_Hybrid_IN INR Cr.
"AUC as on June 15, 2024",IN INR Cr.,Total,578037,404848,110287,146647,126593,207287,267582,6622,425451,2006704,4296,398329,575398,13835,225124,605683,251059,329995,186039,158641,235725,261670,22504,2023,7550379,6/15/2024,6/15/2024,"Jun15,2024",AUC,AUC_Total_IN INR Cr.
"AUC as on June 15, 2024",IN USD Mn,Equity,69167,48362,13127,17506,14954,24811,31815,773,50875,235969,459,47647,68829,1647,26788,72448,3056,38252,19758,18386,0,30069,2639,230,837569,6/15/2024,6/15/2024,"Jun15,2024",AUC,AUC_Equity_IN USD Mn
"AUC as on June 15, 2024",IN USD Mn,Debt,19,92,0,37,153,0,133,20,15,2479,55,31,0,0,154,49,9446,414,23,125,27995,23,55,12,41331,6/15/2024,6/15/2024,"Jun15,2024",AUC,AUC_Debt_IN USD Mn
"AUC as on June 15, 2024",IN USD Mn,Debt VRR,1,4,74,0,45,0,80,0,34,1745,0,0,43,9,4,0,16407,30,82,0,220,0,0,0,18777,6/15/2024,6/15/2024,"Jun15,2024",AUC,AUC_Debt VRR_IN USD Mn
"AUC as on June 15, 2024",IN USD Mn,Hybrid,0,0,0,10,0,0,0,0,0,0,0,0,0,0,0,0,1141,802,2405,477,0,1228,0,0,6063,6/15/2024,6/15/2024,"Jun15,2024",AUC,AUC_Hybrid_IN USD Mn
"AUC as on June 15, 2024",IN USD Mn,Total,69187,48458,13201,17553,15152,24811,32028,793,50924,240193,514,47678,68872,1656,26946,72497,30050,39498,22268,18988,28215,31320,2694,242,903740,6/15/2024,6/15/2024,"Jun15,2024",AUC,AUC_Total_IN USD Mn
